benchexpr10 , comp , clean , 0 , 0.20 , 3924 , 1724
benchexpr10 , exec , clean , 0 , 0.10 , 2020 , 56
benchexpr20 , comp , clean , 0 , 0.20 , 3924 , 1788
benchexpr20 , exec , clean , 0 , 0.20 , 3924 , 1724
benchexpr22 , comp , clean , 0 , 0.20 , 3924 , 1728
benchexpr22 , exec , clean , 0 , 0.20 , 3924 , 1720
benchsym10 , comp , clean , 0 , 0.20 , 3924 , 1824
benchsym10 , exec , clean , 0 , 0.10 , 2020 , 52
benchsym20 , comp , clean , 0 , 0.20 , 3924 , 1720
benchsym20 , exec , clean , 0 , 0.50 , 3924 , 1764
benchsym22 , comp , clean , 0 , 0.20 , 3924 , 1776
benchsym22 , exec , clean , 0 , 1.50 , 3924 , 1748
benchtree10 , comp , clean , 0 , 0.20 , 3924 , 1868
benchtree10 , exec , clean , 0 , 171.14 , 3924 , 1732
benchtree20 , comp , clean , 0 , 0.20 , 3924 , 1728
benchtree20 , exec , clean , timeout , 360.10 , 3924 , 1724
benchtree22 , comp , clean , 0 , 0.30 , 3924 , 1780
benchtree22 , exec , clean , timeout , 360.10 , 3924 , 1596
binarysearch , comp , clean , 0 , 0.20 , 3924 , 1820
binarysearch , exec , clean , 0 , 1.10 , 3924 , 1776
bubblesort10 , comp , clean , 0 , 0.20 , 3924 , 1764
bubblesort10 , exec , clean , 0 , 0.10 , 2020 , 52
bubblesort20 , comp , clean , 0 , 0.20 , 3924 , 1788
bubblesort20 , exec , clean , 0 , 0.10 , 2020 , 52
bubblesort100 , comp , clean , 0 , 0.20 , 3924 , 1764
bubblesort100 , exec , clean , 0 , 0.10 , 2020 , 56
bubblesort720 , comp , clean , 0 , 0.20 , 3924 , 1764
bubblesort720 , exec , clean , 0 , 0.40 , 3924 , 1872
bubblesort1000 , comp , clean , 0 , 0.20 , 3924 , 1764
bubblesort1000 , exec , clean , 0 , 1.10 , 3924 , 1596
dart , comp , clean , 0 , 0.20 , 3924 , 1724
dart , exec , clean , 0 , 0.10 , 2020 , 52
evalexpr , comp , clean , 0 , 0.20 , 3924 , 1776
evalexpr , exec , clean , 0 , 0.20 , 3924 , 1724
evalsym , comp , clean , 0 , 0.20 , 3924 , 1776
evalsym , exec , clean , 0 , 23.02 , 3924 , 1768
evaltree , comp , clean , 0 , 0.20 , 3924 , 1688
evaltree , exec , clean , 0 , 0.60 , 3924 , 1724
factorial5 , comp , clean , 0 , 0.20 , 3924 , 1660
factorial5 , exec , clean , 0 , 0.10 , 2020 , 56
factorial6 , comp , clean , 0 , 0.20 , 3924 , 1724
factorial6 , exec , clean , 0 , 0.10 , 2020 , 52
factorial7 , comp , clean , 0 , 0.20 , 3924 , 1728
factorial7 , exec , clean , 0 , 0.10 , 2020 , 52
factorial8 , comp , clean , 0 , 0.20 , 3924 , 1824
factorial8 , exec , clean , 0 , 0.10 , 2020 , 56
factorial9 , comp , clean , 0 , 0.20 , 3924 , 1724
factorial9 , exec , clean , 0 , 0.10 , 2020 , 52
fib32 , comp , clean , 0 , 0.20 , 3924 , 1724
fib32 , exec , clean , 0 , 1.00 , 3924 , 1776
fibfree , comp , clean , 0 , 0.20 , 3924 , 1780
fibfree , exec , clean , 0 , 0.10 , 2020 , 52
fibonacci05 , comp , clean , 0 , 0.20 , 3924 , 1732
fibonacci05 , exec , clean , 0 , 0.10 , 2020 , 52
fibonacci18 , comp , clean , 0 , 0.20 , 3924 , 1776
fibonacci18 , exec , clean , 0 , 0.10 , 2020 , 56
fibonacci19 , comp , clean , 0 , 0.20 , 3924 , 1772
fibonacci19 , exec , clean , 0 , 0.10 , 2020 , 52
fibonacci20 , comp , clean , 0 , 0.20 , 3924 , 1868
fibonacci20 , exec , clean , 0 , 0.10 , 2020 , 52
fibonacci21 , comp , clean , 0 , 0.20 , 3924 , 1712
fibonacci21 , exec , clean , 0 , 0.10 , 2020 , 52
hanoi4 , comp , clean , 0 , 0.20 , 3924 , 1716
hanoi4 , exec , clean , 0 , 0.10 , 2020 , 52
langton6 , comp , clean , 0 , 0.40 , 3924 , 1776
langton6 , exec , clean , 0 , 0.10 , 2020 , 52
langton7 , comp , clean , 0 , 0.40 , 3924 , 1772
langton7 , exec , clean , 0 , 0.10 , 2020 , 56
logic3 , comp , clean , 0 , 0.20 , 3924 , 1868
logic3 , exec , clean , 0 , 0.10 , 2020 , 52
merge , comp , clean , 0 , 0.20 , 3924 , 1596
merge , exec , clean , 0 , 0.10 , 2020 , 56
mergesort10 , comp , clean , 0 , 0.20 , 3924 , 1592
mergesort10 , exec , clean , 0 , 0.10 , 2020 , 56
mergesort100 , comp , clean , 0 , 0.20 , 3924 , 1788
mergesort100 , exec , clean , timeout , 360.10 , 3924 , 1752
mergesort1000 , comp , clean , 0 , 0.20 , 3924 , 1764
mergesort1000 , exec , clean , timeout , 360.09 , 3924 , 1824
missionaries2 , comp , clean , 0 , 0.20 , 3924 , 1788
missionaries2 , exec , clean , 0 , 0.10 , 2020 , 52
missionaries3 , comp , clean , 0 , 0.20 , 3924 , 1788
missionaries3 , exec , clean , 0 , 0.10 , 2020 , 56
permutations6 , comp , clean , 0 , 0.20 , 3924 , 1664
permutations6 , exec , clean , 0 , 0.10 , 2020 , 52
permutations7 , comp , clean , 0 , 0.20 , 3924 , 1596
permutations7 , exec , clean , 0 , 0.20 , 3924 , 1732
quicksort10 , comp , clean , 0 , 0.20 , 3924 , 1664
quicksort10 , exec , clean , 0 , 0.10 , 2020 , 56
quicksort100 , comp , clean , 0 , 0.20 , 3924 , 1724
quicksort100 , exec , clean , timeout , 360.09 , 3924 , 1768
quicksort1000 , comp , clean , 0 , 0.20 , 3924 , 1660
quicksort1000 , exec , clean , timeout , 360.10 , 3924 , 1776
revnat100 , comp , clean , 0 , 0.20 , 3924 , 1768
revnat100 , exec , clean , 0 , 0.10 , 2020 , 52
revnat1000 , comp , clean , 0 , 0.20 , 3924 , 1748
revnat1000 , exec , clean , 0 , 0.20 , 3924 , 1664
revnat10000 , comp , clean , 0 , 0.20 , 3924 , 1780
revnat10000 , exec , clean , 0 , 165.45 , 3924 , 1728
sieve20 , comp , clean , 0 , 0.20 , 3924 , 1764
sieve20 , exec , clean , 0 , 0.10 , 2020 , 48
sieve100 , comp , clean , 0 , 0.20 , 3924 , 1728
sieve100 , exec , clean , timeout , 360.09 , 3924 , 1764
sieve1000 , comp , clean , 0 , 0.20 , 3924 , 1600
sieve1000 , exec , clean , timeout , 360.10 , 3924 , 1768
sieve2000 , comp , clean , 0 , 0.20 , 3924 , 1764
sieve2000 , exec , clean , timeout , 360.10 , 3924 , 1732
sieve10000 , comp , clean , 0 , 0.20 , 3924 , 1772
sieve10000 , exec , clean , timeout , 360.10 , 3924 , 1768
tak18 , comp , clean , 0 , 0.20 , 3924 , 1868
tak18 , exec , clean , 0 , 0.10 , 2020 , 52
tak36 , comp , clean , 0 , 0.20 , 3924 , 1724
tak36 , exec , clean , 0 , 0.50 , 3924 , 1600
benchexpr10 , comp , haskell , 0 , 1.50 , 3924 , 1868
benchexpr10 , exec , haskell , 0 , 0.10 , 2020 , 56
benchexpr20 , comp , haskell , 0 , 1.60 , 3924 , 1772
benchexpr20 , exec , haskell , 0 , 1.20 , 3924 , 1764
benchexpr22 , comp , haskell , 0 , 1.60 , 3924 , 1748
benchexpr22 , exec , haskell , 0 , 4.50 , 3924 , 1724
benchsym10 , comp , haskell , 0 , 1.60 , 3924 , 1728
benchsym10 , exec , haskell , 0 , 0.10 , 2020 , 52
benchsym20 , comp , haskell , 0 , 1.60 , 3924 , 1764
benchsym20 , exec , haskell , 0 , 0.80 , 3924 , 1776
benchsym22 , comp , haskell , 0 , 1.60 , 3924 , 1732
benchsym22 , exec , haskell , 0 , 2.70 , 3924 , 1656
benchtree10 , comp , haskell , 0 , 1.60 , 3924 , 1780
benchtree10 , exec , haskell , 0 , 0.10 , 2020 , 52
benchtree20 , comp , haskell , 0 , 1.60 , 3924 , 1788
benchtree20 , exec , haskell , 0 , 6.51 , 3924 , 1788
benchtree22 , comp , haskell , 0 , 1.60 , 3924 , 1768
benchtree22 , exec , haskell , 0 , 31.43 , 3924 , 1764
binarysearch , comp , haskell , 0 , 1.50 , 3924 , 1748
binarysearch , exec , haskell , 0 , 4.30 , 3924 , 1788
bubblesort10 , comp , haskell , 0 , 1.20 , 3924 , 1664
bubblesort10 , exec , haskell , 0 , 0.10 , 2020 , 52
bubblesort20 , comp , haskell , 0 , 1.20 , 3924 , 1764
bubblesort20 , exec , haskell , 0 , 0.10 , 2020 , 52
bubblesort100 , comp , haskell , 0 , 1.30 , 3924 , 1724
bubblesort100 , exec , haskell , 0 , 0.10 , 2020 , 56
bubblesort720 , comp , haskell , 0 , 1.30 , 3924 , 1764
bubblesort720 , exec , haskell , 0 , 0.80 , 3924 , 1664
bubblesort1000 , comp , haskell , 0 , 1.20 , 3924 , 1772
bubblesort1000 , exec , haskell , 0 , 1.90 , 3924 , 1788
dart , comp , haskell , 0 , 1.30 , 3924 , 1716
dart , exec , haskell , 0 , 0.10 , 2020 , 52
evalexpr , comp , haskell , 0 , 1.40 , 3924 , 1744
evalexpr , exec , haskell , 0 , 1.10 , 3924 , 1764
evalsym , comp , haskell , 0 , 1.50 , 3924 , 1660
evalsym , exec , haskell , 0 , 43.64 , 3924 , 1788
evaltree , comp , haskell , 0 , 1.40 , 3924 , 1768
evaltree , exec , haskell , 0 , 4.80 , 3924 , 1768
factorial5 , comp , haskell , 0 , 1.10 , 3924 , 1732
factorial5 , exec , haskell , 0 , 0.10 , 2020 , 52
factorial6 , comp , haskell , 0 , 1.10 , 3924 , 1660
factorial6 , exec , haskell , 0 , 0.10 , 2020 , 56
factorial7 , comp , haskell , 0 , 1.10 , 3924 , 1784
factorial7 , exec , haskell , 0 , 0.10 , 2020 , 56
factorial8 , comp , haskell , 0 , 1.10 , 3924 , 1872
factorial8 , exec , haskell , 0 , 0.10 , 2020 , 52
factorial9 , comp , haskell , 0 , 1.10 , 3924 , 1596
factorial9 , exec , haskell , 0 , 0.40 , 3924 , 1788
fib32 , comp , haskell , 0 , 1.40 , 3924 , 1784
fib32 , exec , haskell , 0 , 4.71 , 3924 , 1772
fibfree , comp , haskell , 0 , 1.80 , 3924 , 1736
fibfree , exec , haskell , 0 , 0.10 , 2020 , 56
fibonacci05 , comp , haskell , 0 , 1.20 , 3924 , 1800
fibonacci05 , exec , haskell , 0 , 0.10 , 2020 , 52
fibonacci18 , comp , haskell , 0 , 1.10 , 3924 , 1768
fibonacci18 , exec , haskell , 0 , 0.10 , 2020 , 52
fibonacci19 , comp , haskell , 0 , 1.20 , 3924 , 1764
fibonacci19 , exec , haskell , 0 , 0.10 , 2020 , 52
fibonacci20 , comp , haskell , 0 , 1.10 , 3924 , 1768
fibonacci20 , exec , haskell , 0 , 0.10 , 2020 , 52
fibonacci21 , comp , haskell , 0 , 1.10 , 3924 , 1788
fibonacci21 , exec , haskell , 0 , 0.10 , 2020 , 56
hanoi4 , comp , haskell , 0 , 1.40 , 3924 , 1784
hanoi4 , exec , haskell , 0 , 0.10 , 2020 , 52
langton6 , comp , haskell , 0 , 2.40 , 3924 , 1712
langton6 , exec , haskell , 0 , 165.54 , 3924 , 1736
langton7 , comp , haskell , 0 , 2.30 , 3924 , 1760
langton7 , exec , haskell , 0 , 343.79 , 3924 , 1728
logic3 , comp , haskell , 0 , 1.10 , 3924 , 1824
logic3 , exec , haskell , 0 , 0.10 , 2020 , 52
merge , comp , haskell , 0 , 1.30 , 3924 , 1724
merge , exec , haskell , 0 , 0.10 , 2020 , 52
mergesort10 , comp , haskell , 0 , 1.30 , 3924 , 1724
mergesort10 , exec , haskell , 0 , 0.10 , 2020 , 52
mergesort100 , comp , haskell , 0 , 1.30 , 3924 , 1764
mergesort100 , exec , haskell , 0 , 0.10 , 2020 , 52
mergesort1000 , comp , haskell , 0 , 1.30 , 3924 , 1596
mergesort1000 , exec , haskell , 0 , 0.50 , 3924 , 1764
missionaries2 , comp , haskell , 0 , 1.90 , 3924 , 1776
missionaries2 , exec , haskell , 0 , 0.10 , 2020 , 56
missionaries3 , comp , haskell , 0 , 1.90 , 3924 , 1788
missionaries3 , exec , haskell , 0 , 0.10 , 2020 , 52
permutations6 , comp , haskell , 0 , 1.30 , 3924 , 1788
permutations6 , exec , haskell , 0 , 0.10 , 2020 , 52
permutations7 , comp , haskell , 0 , 1.30 , 3924 , 1724
permutations7 , exec , haskell , 0 , 0.40 , 3924 , 1716
quicksort10 , comp , haskell , 0 , 1.40 , 3924 , 1868
quicksort10 , exec , haskell , 0 , 0.10 , 2020 , 52
quicksort100 , comp , haskell , 0 , 1.30 , 3924 , 1752
quicksort100 , exec , haskell , 0 , 0.10 , 2020 , 56
quicksort1000 , comp , haskell , 0 , 1.30 , 3924 , 1780
quicksort1000 , exec , haskell , 0 , 8.51 , 3924 , 1828
revnat100 , comp , haskell , 0 , 1.20 , 3924 , 1748
revnat100 , exec , haskell , 0 , 0.10 , 2020 , 52
revnat1000 , comp , haskell , 0 , 1.20 , 3924 , 1776
revnat1000 , exec , haskell , 0 , 0.40 , 3924 , 1660
revnat10000 , comp , haskell , 0 , 1.20 , 3924 , 1764
revnat10000 , exec , haskell , 0 , 166.19 , 3924 , 1732
sieve20 , comp , haskell , 0 , 1.30 , 3924 , 1768
sieve20 , exec , haskell , 0 , 0.10 , 2020 , 56
sieve100 , comp , haskell , 0 , 1.40 , 3924 , 1724
sieve100 , exec , haskell , 0 , 0.10 , 2020 , 52
sieve1000 , comp , haskell , 0 , 1.30 , 3924 , 1780
sieve1000 , exec , haskell , 0 , 0.20 , 3924 , 1760
sieve2000 , comp , haskell , 0 , 1.30 , 3924 , 1764
sieve2000 , exec , haskell , 0 , 0.90 , 3924 , 1684
sieve10000 , comp , haskell , 0 , 1.40 , 3924 , 1788
sieve10000 , exec , haskell , 0 , 54.76 , 3924 , 1716
tak18 , comp , haskell , 0 , 1.20 , 3924 , 1824
tak18 , exec , haskell , 0 , 0.10 , 2020 , 52
tak36 , comp , haskell , 0 , 1.20 , 3924 , 1660
tak36 , exec , haskell , 0 , 1.00 , 3924 , 1764
benchexpr10 , comp-exec , lnt , 0 , 1.60 , 3924 , 1596
benchexpr20 , comp-exec , lnt , 0 , 3.20 , 3924 , 1824
benchexpr22 , comp-exec , lnt , 0 , 7.71 , 3924 , 1748
benchsym10 , comp-exec , lnt , 0 , 1.70 , 3924 , 1764
benchsym20 , comp-exec , lnt , 0 , 2.70 , 3924 , 1764
benchsym22 , comp-exec , lnt , 0 , 5.51 , 3924 , 1732
benchtree10 , comp-exec , lnt , 1 , 23.12 , 3924 , 1868
benchtree20 , comp-exec , lnt , 1 , 22.82 , 3924 , 1868
benchtree22 , comp-exec , lnt , 1 , 23.22 , 3924 , 1872
binarysearch , comp-exec , lnt , 0 , 4.20 , 3924 , 1724
bubblesort10 , comp-exec , lnt , 0 , 1.30 , 3924 , 1772
bubblesort20 , comp-exec , lnt , 0 , 1.30 , 3924 , 1720
bubblesort100 , comp-exec , lnt , 0 , 1.30 , 3924 , 1828
bubblesort720 , comp-exec , lnt , 0 , 1.80 , 3924 , 1748
bubblesort1000 , comp-exec , lnt , 0 , 2.40 , 3924 , 1748
dart , comp-exec , lnt , 0 , 1.30 , 3924 , 1748
evalexpr , comp-exec , lnt , 0 , 2.20 , 3924 , 1828
evalsym , comp-exec , lnt , 0 , 26.42 , 3924 , 1596
evaltree , comp-exec , lnt , 0 , 2.50 , 3924 , 1788
factorial5 , comp-exec , lnt , 0 , 1.20 , 3924 , 1664
factorial6 , comp-exec , lnt , 0 , 1.20 , 3924 , 1552
factorial7 , comp-exec , lnt , 0 , 1.20 , 3924 , 1724
factorial8 , comp-exec , lnt , 0 , 1.20 , 3924 , 1824
factorial9 , comp-exec , lnt , 0 , 1.20 , 3924 , 1788
fib32 , comp-exec , lnt , 0 , 4.10 , 3924 , 1824
fibfree , comp-exec , lnt , 0 , 2.00 , 3924 , 1596
fibonacci05 , comp-exec , lnt , 0 , 1.20 , 3924 , 1728
fibonacci18 , comp-exec , lnt , 0 , 1.20 , 3924 , 1732
fibonacci19 , comp-exec , lnt , 0 , 1.20 , 3924 , 1596
fibonacci20 , comp-exec , lnt , 0 , 1.20 , 3924 , 1872
fibonacci21 , comp-exec , lnt , 0 , 1.20 , 3924 , 1596
hanoi4 , comp-exec , lnt , 0 , 1.30 , 3924 , 1824
langton6 , comp-exec , lnt , 0 , 35.73 , 3924 , 1736
langton7 , comp-exec , lnt , 0 , 49.94 , 3924 , 1748
logic3 , comp-exec , lnt , 0 , 1.30 , 3924 , 1772
merge , comp-exec , lnt , 0 , 1.40 , 3924 , 1796
mergesort10 , comp-exec , lnt , 0 , 1.30 , 3924 , 1724
mergesort100 , comp-exec , lnt , 1 , 27.32 , 3924 , 1776
mergesort1000 , comp-exec , lnt , 1 , 27.22 , 3924 , 1724
missionaries2 , comp-exec , lnt , 0 , 1.60 , 3924 , 1556
missionaries3 , comp-exec , lnt , 0 , 1.60 , 3924 , 1596
permutations6 , comp-exec , lnt , 0 , 1.40 , 3924 , 1748
permutations7 , comp-exec , lnt , 0 , 1.70 , 3924 , 1768
quicksort10 , comp-exec , lnt , 0 , 1.30 , 3924 , 1776
quicksort100 , comp-exec , lnt , 1 , 37.63 , 3924 , 1600
quicksort1000 , comp-exec , lnt , 1 , 38.93 , 3924 , 1828
revnat100 , comp-exec , lnt , 0 , 1.20 , 3924 , 1596
revnat1000 , comp-exec , lnt , 0 , 1.30 , 3924 , 1784
revnat10000 , comp-exec , lnt , 0 , 7.71 , 3924 , 1788
sieve20 , comp-exec , lnt , 0 , 1.40 , 3924 , 1724
sieve100 , comp-exec , lnt , 0 , 1.40 , 3924 , 1752
sieve1000 , comp-exec , lnt , 0 , 1.50 , 3924 , 1792
sieve2000 , comp-exec , lnt , 0 , 2.00 , 3924 , 1780
sieve10000 , comp-exec , lnt , 0 , 81.47 , 3924 , 1748
tak18 , comp-exec , lnt , 0 , 1.20 , 3924 , 1748
tak36 , comp-exec , lnt , 0 , 1.80 , 3924 , 1752
benchexpr10 , comp-exec , lotos , 0 , 0.90 , 3924 , 1732
benchexpr20 , comp-exec , lotos , 0 , 2.60 , 3924 , 1768
benchexpr22 , comp-exec , lotos , 0 , 7.11 , 3924 , 1704
benchsym10 , comp-exec , lotos , 0 , 0.90 , 3924 , 1720
benchsym20 , comp-exec , lotos , 0 , 1.90 , 3924 , 1732
benchsym22 , comp-exec , lotos , 0 , 4.91 , 3924 , 1796
benchtree10 , comp-exec , lotos , 1 , 22.12 , 3924 , 1764
benchtree20 , comp-exec , lotos , 1 , 22.22 , 3924 , 1768
benchtree22 , comp-exec , lotos , 1 , 23.12 , 3924 , 1764
binarysearch , comp-exec , lotos , 0 , 3.50 , 3924 , 1784
bubblesort10 , comp-exec , lotos , 0 , 0.60 , 3924 , 1828
bubblesort20 , comp-exec , lotos , 0 , 0.70 , 3924 , 1724
bubblesort100 , comp-exec , lotos , 0 , 0.70 , 3924 , 1768
bubblesort720 , comp-exec , lotos , 0 , 1.00 , 3924 , 1824
bubblesort1000 , comp-exec , lotos , 0 , 1.70 , 3924 , 1724
dart , comp-exec , lotos , 0 , 0.70 , 3924 , 1664
evalexpr , comp-exec , lotos , 0 , 1.50 , 3924 , 1788
evalsym , comp-exec , lotos , 0 , 26.42 , 3924 , 1764
evaltree , comp-exec , lotos , 0 , 1.70 , 3924 , 1716
factorial5 , comp-exec , lotos , 0 , 0.60 , 3924 , 1596
factorial6 , comp-exec , lotos , 0 , 0.70 , 3924 , 1732
factorial7 , comp-exec , lotos , 0 , 0.60 , 3924 , 1728
factorial8 , comp-exec , lotos , 0 , 0.60 , 3924 , 1764
factorial9 , comp-exec , lotos , 0 , 0.60 , 3924 , 1768
fib32 , comp-exec , lotos , 0 , 3.70 , 3924 , 1784
fibfree , comp-exec , lotos , 0 , 1.30 , 3924 , 1596
fibonacci05 , comp-exec , lotos , 0 , 0.60 , 3924 , 1872
fibonacci18 , comp-exec , lotos , 0 , 0.60 , 3924 , 1780
fibonacci19 , comp-exec , lotos , 0 , 0.60 , 3924 , 1600
fibonacci20 , comp-exec , lotos , 0 , 0.60 , 3924 , 1596
fibonacci21 , comp-exec , lotos , 0 , 0.60 , 3924 , 1736
hanoi4 , comp-exec , lotos , 0 , 0.70 , 3924 , 1868
langton6 , comp-exec , lotos , 0 , 34.13 , 3924 , 1660
langton7 , comp-exec , lotos , 0 , 48.04 , 3924 , 1776
logic3 , comp-exec , lotos , 0 , 0.60 , 3924 , 1788
merge , comp-exec , lotos , 0 , 0.70 , 3924 , 1768
mergesort10 , comp-exec , lotos , 0 , 0.70 , 3924 , 1828
mergesort100 , comp-exec , lotos , 1 , 27.12 , 3924 , 1684
mergesort1000 , comp-exec , lotos , 1 , 28.82 , 3924 , 1728
missionaries2 , comp-exec , lotos , 0 , 0.90 , 3924 , 1772
missionaries3 , comp-exec , lotos , 0 , 0.90 , 3924 , 1776
permutations6 , comp-exec , lotos , 0 , 0.80 , 3924 , 1596
permutations7 , comp-exec , lotos , 0 , 1.00 , 3924 , 1728
quicksort10 , comp-exec , lotos , 0 , 0.60 , 3924 , 1768
quicksort100 , comp-exec , lotos , 1 , 33.93 , 3924 , 1600
quicksort1000 , comp-exec , lotos , 1 , 33.93 , 3924 , 1764
revnat100 , comp-exec , lotos , 0 , 0.60 , 3924 , 1732
revnat1000 , comp-exec , lotos , 0 , 0.70 , 3924 , 1764
revnat10000 , comp-exec , lotos , 0 , 7.01 , 3924 , 1824
sieve20 , comp-exec , lotos , 0 , 0.70 , 3924 , 1732
sieve100 , comp-exec , lotos , 0 , 0.70 , 3924 , 1728
sieve1000 , comp-exec , lotos , 0 , 0.80 , 3924 , 1824
sieve2000 , comp-exec , lotos , 0 , 1.70 , 3924 , 1768
sieve10000 , comp-exec , lotos , 0 , 103.19 , 3924 , 1868
tak18 , comp-exec , lotos , 0 , 0.60 , 3924 , 1828
tak36 , comp-exec , lotos , 0 , 1.30 , 3924 , 1728
benchexpr10 , comp-exec , maude , 0 , 0.10 , 2020 , 52
benchexpr20 , comp-exec , maude , 0 , 7.11 , 3924 , 1868
benchexpr22 , comp-exec , maude , 0 , 28.02 , 3924 , 1792
benchsym10 , comp-exec , maude , 0 , 0.20 , 3924 , 1824
benchsym20 , comp-exec , maude , 0 , 5.30 , 3924 , 1720
benchsym22 , comp-exec , maude , 0 , 20.62 , 3924 , 1788
benchtree10 , comp-exec , maude , 0 , 0.20 , 3924 , 1788
benchtree20 , comp-exec , maude , 0 , 15.41 , 3924 , 1792
benchtree22 , comp-exec , maude , kill-6 , 48.64 , 3924 , 1776
binarysearch , comp-exec , maude , 1 , 50.14 , 3924 , 1772
bubblesort10 , comp-exec , maude , 0 , 0.20 , 3924 , 1768
bubblesort20 , comp-exec , maude , 0 , 0.10 , 2020 , 56
bubblesort100 , comp-exec , maude , 0 , 0.20 , 3924 , 1788
bubblesort720 , comp-exec , maude , 0 , 8.41 , 3924 , 1752
bubblesort1000 , comp-exec , maude , 0 , 21.52 , 3924 , 1768
dart , comp-exec , maude , 0 , 0.30 , 3924 , 1716
evalexpr , comp-exec , maude , 0 , 17.51 , 3924 , 1732
evalsym , comp-exec , maude , timeout , 360.10 , 3924 , 1776
evaltree , comp-exec , maude , 0 , 45.84 , 3924 , 1776
factorial5 , comp-exec , maude , 0 , 0.20 , 3924 , 1716
factorial6 , comp-exec , maude , 0 , 0.20 , 3924 , 1788
factorial7 , comp-exec , maude , 0 , 0.20 , 3924 , 1828
factorial8 , comp-exec , maude , 0 , 0.20 , 3924 , 1776
factorial9 , comp-exec , maude , 1 , 0.30 , 3924 , 1716
fib32 , comp-exec , maude , 0 , 50.34 , 3924 , 1760
fibfree , comp-exec , maude , 0 , 0.20 , 3924 , 1732
fibonacci05 , comp-exec , maude , 0 , 0.20 , 3924 , 1724
fibonacci18 , comp-exec , maude , 0 , 0.20 , 3924 , 1780
fibonacci19 , comp-exec , maude , 0 , 0.20 , 3924 , 1788
fibonacci20 , comp-exec , maude , 0 , 0.20 , 3924 , 1596
fibonacci21 , comp-exec , maude , 0 , 0.20 , 3924 , 1868
hanoi4 , comp-exec , maude , 0 , 0.20 , 3924 , 1824
langton6 , comp-exec , maude , 1 , 323.16 , 3924 , 1732
langton7 , comp-exec , maude , timeout , 360.10 , 3924 , 1824
logic3 , comp-exec , maude , 0 , 0.20 , 3924 , 1856
merge , comp-exec , maude , 0 , 0.20 , 3924 , 1776
mergesort10 , comp-exec , maude , 0 , 0.20 , 3924 , 1748
mergesort100 , comp-exec , maude , 0 , 0.20 , 3924 , 1772
mergesort1000 , comp-exec , maude , 0 , 1.40 , 3924 , 1728
missionaries2 , comp-exec , maude , 0 , 0.20 , 3924 , 1716
missionaries3 , comp-exec , maude , 0 , 0.20 , 3924 , 1660
permutations6 , comp-exec , maude , 0 , 0.20 , 3924 , 1764
permutations7 , comp-exec , maude , 0 , 1.00 , 3924 , 1732
quicksort10 , comp-exec , maude , 0 , 0.10 , 2020 , 52
quicksort100 , comp-exec , maude , 0 , 0.20 , 3924 , 1788
quicksort1000 , comp-exec , maude , 0 , 41.84 , 3924 , 1676
revnat100 , comp-exec , maude , 0 , 0.10 , 2020 , 52
revnat1000 , comp-exec , maude , 0 , 0.60 , 3924 , 1784
revnat10000 , comp-exec , maude , 0 , 47.24 , 3924 , 1788
sieve20 , comp-exec , maude , 0 , 0.20 , 3924 , 1780
sieve100 , comp-exec , maude , 0 , 0.20 , 3924 , 1720
sieve1000 , comp-exec , maude , 0 , 1.50 , 3924 , 1776
sieve2000 , comp-exec , maude , 0 , 8.31 , 3924 , 1660
sieve10000 , comp-exec , maude , timeout , 360.10 , 3924 , 1868
tak18 , comp-exec , maude , 0 , 0.40 , 3924 , 1688
tak36 , comp-exec , maude , 0 , 15.01 , 3924 , 1600
benchexpr10 , comp , mcrl2-default , 0 , 0.20 , 3924 , 1764
benchexpr10 , exec , mcrl2-default , 0 , 0.10 , 2020 , 52
benchexpr10 , comp , mcrl2-jittyc , 0 , 0.20 , 3924 , 1688
benchexpr10 , exec , mcrl2-jittyc , 0 , 15.21 , 3924 , 1592
benchexpr20 , comp , mcrl2-default , 0 , 0.20 , 3924 , 1724
benchexpr20 , exec , mcrl2-default , 0 , 49.94 , 3924 , 1600
benchexpr20 , comp , mcrl2-jittyc , 0 , 0.20 , 3924 , 1600
benchexpr20 , exec , mcrl2-jittyc , 0 , 16.91 , 3924 , 1784
benchexpr22 , comp , mcrl2-default , 0 , 0.20 , 3924 , 1768
benchexpr22 , exec , mcrl2-default , 0 , 202.37 , 3924 , 1776
benchexpr22 , comp , mcrl2-jittyc , 0 , 0.20 , 3924 , 1776
benchexpr22 , exec , mcrl2-jittyc , 0 , 21.52 , 3924 , 1764
benchsym10 , comp , mcrl2-default , 0 , 0.20 , 3924 , 1768
benchsym10 , exec , mcrl2-default , 0 , 0.20 , 3924 , 1788
benchsym10 , comp , mcrl2-jittyc , 0 , 0.20 , 3924 , 1824
benchsym10 , exec , mcrl2-jittyc , 0 , 15.41 , 3924 , 1752
benchsym20 , comp , mcrl2-default , 0 , 0.20 , 3924 , 1688
benchsym20 , exec , mcrl2-default , 0 , 61.95 , 3924 , 1664
benchsym20 , comp , mcrl2-jittyc , 0 , 0.20 , 3924 , 1828
benchsym20 , exec , mcrl2-jittyc , 0 , 16.91 , 3924 , 1788
benchsym22 , comp , mcrl2-default , 0 , 0.20 , 3924 , 1748
benchsym22 , exec , mcrl2-default , 0 , 246.30 , 3924 , 1720
benchsym22 , comp , mcrl2-jittyc , 0 , 0.20 , 3924 , 1724
benchsym22 , exec , mcrl2-jittyc , 0 , 21.12 , 3924 , 1596
benchtree10 , comp , mcrl2-default , 0 , 0.20 , 3924 , 1776
benchtree10 , exec , mcrl2-default , timeout , 360.09 , 3924 , 1764
benchtree10 , comp , mcrl2-jittyc , 0 , 0.20 , 3924 , 1824
benchtree10 , exec , mcrl2-jittyc , timeout , 360.10 , 3924 , 1768
benchtree20 , comp , mcrl2-default , 0 , 0.20 , 3924 , 1600
benchtree20 , exec , mcrl2-default , timeout , 360.10 , 3924 , 1752
benchtree20 , comp , mcrl2-jittyc , 0 , 0.20 , 3924 , 1764
benchtree20 , exec , mcrl2-jittyc , timeout , 360.10 , 3924 , 1660
benchtree22 , comp , mcrl2-default , 0 , 0.20 , 3924 , 1780
benchtree22 , exec , mcrl2-default , timeout , 360.10 , 3924 , 1728
benchtree22 , comp , mcrl2-jittyc , 0 , 0.20 , 3924 , 1768
benchtree22 , exec , mcrl2-jittyc , timeout , 360.10 , 3924 , 1788
binarysearch , comp , mcrl2-default , 0 , 0.20 , 3924 , 1788
binarysearch , exec , mcrl2-default , 0 , 264.22 , 3924 , 1720
binarysearch , comp , mcrl2-jittyc , 0 , 0.20 , 3924 , 1748
binarysearch , exec , mcrl2-jittyc , timeout , 360.09 , 3924 , 1768
bubblesort10 , comp , mcrl2-default , 0 , 0.10 , 2020 , 52
bubblesort10 , exec , mcrl2-default , 0 , 0.10 , 2020 , 52
bubblesort10 , comp , mcrl2-jittyc , 0 , 0.10 , 2020 , 52
bubblesort10 , exec , mcrl2-jittyc , 0 , 10.71 , 3924 , 1712
bubblesort20 , comp , mcrl2-default , 0 , 0.10 , 2020 , 52
bubblesort20 , exec , mcrl2-default , 0 , 0.10 , 2020 , 52
bubblesort20 , comp , mcrl2-jittyc , 0 , 0.10 , 2020 , 52
bubblesort20 , exec , mcrl2-jittyc , 0 , 10.71 , 3924 , 1792
bubblesort100 , comp , mcrl2-default , 0 , 0.10 , 2020 , 52
bubblesort100 , exec , mcrl2-default , 0 , 0.40 , 3924 , 1724
bubblesort100 , comp , mcrl2-jittyc , 0 , 0.10 , 2020 , 48
bubblesort100 , exec , mcrl2-jittyc , 0 , 11.01 , 3924 , 1596
bubblesort720 , comp , mcrl2-default , 0 , 0.10 , 2020 , 52
bubblesort720 , exec , mcrl2-default , 0 , 113.19 , 3924 , 1768
bubblesort720 , comp , mcrl2-jittyc , 0 , 0.10 , 2020 , 52
bubblesort720 , exec , mcrl2-jittyc , 0 , 14.51 , 3924 , 1724
bubblesort1000 , comp , mcrl2-default , 0 , 0.10 , 2020 , 52
bubblesort1000 , exec , mcrl2-default , 0 , 310.16 , 3924 , 1596
bubblesort1000 , comp , mcrl2-jittyc , 0 , 0.10 , 2020 , 52
bubblesort1000 , exec , mcrl2-jittyc , 0 , 18.92 , 3924 , 1716
dart , comp , mcrl2-default , 0 , 0.10 , 2020 , 52
dart , exec , mcrl2-default , kill-11 , 0.30 , 3924 , 1716
dart , comp , mcrl2-jittyc , 0 , 0.10 , 2020 , 52
dart , exec , mcrl2-jittyc , kill-11 , 0.30 , 3924 , 1780
evalexpr , comp , mcrl2-default , 0 , 0.10 , 2020 , 52
evalexpr , exec , mcrl2-default , 0 , 95.48 , 3924 , 1724
evalexpr , comp , mcrl2-jittyc , 0 , 0.20 , 3924 , 1824
evalexpr , exec , mcrl2-jittyc , 0 , 15.21 , 3924 , 1776
evalsym , comp , mcrl2-default , 0 , 0.10 , 2020 , 52
evalsym , exec , mcrl2-default , timeout , 360.09 , 3924 , 1596
evalsym , comp , mcrl2-jittyc , 0 , 0.20 , 3924 , 1748
evalsym , exec , mcrl2-jittyc , 0 , 52.44 , 3924 , 1772
evaltree , comp , mcrl2-default , 0 , 0.10 , 2020 , 56
evaltree , exec , mcrl2-default , 0 , 254.61 , 3924 , 1768
evaltree , comp , mcrl2-jittyc , 0 , 0.20 , 3924 , 1868
evaltree , exec , mcrl2-jittyc , 0 , 269.02 , 3924 , 1732
factorial5 , comp , mcrl2-default , 0 , 0.10 , 2020 , 52
factorial5 , exec , mcrl2-default , 0 , 0.10 , 2020 , 52
factorial5 , comp , mcrl2-jittyc , 0 , 0.10 , 2020 , 56
factorial5 , exec , mcrl2-jittyc , 0 , 9.31 , 3924 , 1872
factorial6 , comp , mcrl2-default , 0 , 0.10 , 2020 , 48
factorial6 , exec , mcrl2-default , 0 , 0.10 , 2020 , 52
factorial6 , comp , mcrl2-jittyc , 0 , 0.10 , 2020 , 52
factorial6 , exec , mcrl2-jittyc , 0 , 9.31 , 3924 , 1776
factorial7 , comp , mcrl2-default , 0 , 0.10 , 2020 , 48
factorial7 , exec , mcrl2-default , 0 , 0.10 , 2020 , 56
factorial7 , comp , mcrl2-jittyc , 0 , 0.10 , 2020 , 56
factorial7 , exec , mcrl2-jittyc , 0 , 9.41 , 3924 , 1776
factorial8 , comp , mcrl2-default , 0 , 0.10 , 2020 , 52
factorial8 , exec , mcrl2-default , kill-11 , 0.20 , 3924 , 1732
factorial8 , comp , mcrl2-jittyc , 0 , 0.10 , 2020 , 52
factorial8 , exec , mcrl2-jittyc , kill-11 , 9.61 , 3924 , 1728
factorial9 , comp , mcrl2-default , 0 , 0.10 , 2020 , 56
factorial9 , exec , mcrl2-default , kill-11 , 0.10 , 2020 , 52
factorial9 , comp , mcrl2-jittyc , 0 , 0.10 , 2020 , 56
factorial9 , exec , mcrl2-jittyc , kill-11 , 9.71 , 3924 , 1716
fib32 , comp , mcrl2-default , 0 , 0.20 , 3924 , 1748
fib32 , exec , mcrl2-default , 0 , 272.03 , 3924 , 1824
fib32 , comp , mcrl2-jittyc , 0 , 0.20 , 3924 , 1776
fib32 , exec , mcrl2-jittyc , 0 , 22.92 , 3924 , 1868
fibfree , comp , mcrl2-default , 0 , 0.20 , 3924 , 1748
fibfree , exec , mcrl2-default , 0 , 0.10 , 2020 , 56
fibfree , comp , mcrl2-jittyc , 0 , 0.30 , 3924 , 1764
fibfree , exec , mcrl2-jittyc , 0 , 17.41 , 3924 , 1764
fibonacci05 , comp , mcrl2-default , 0 , 0.10 , 2020 , 56
fibonacci05 , exec , mcrl2-default , 0 , 0.10 , 2020 , 56
fibonacci05 , comp , mcrl2-jittyc , 0 , 0.10 , 2020 , 52
fibonacci05 , exec , mcrl2-jittyc , 0 , 10.81 , 3924 , 1828
fibonacci18 , comp , mcrl2-default , 0 , 0.10 , 2020 , 52
fibonacci18 , exec , mcrl2-default , 0 , 0.20 , 3924 , 1776
fibonacci18 , comp , mcrl2-jittyc , 0 , 0.10 , 2020 , 52
fibonacci18 , exec , mcrl2-jittyc , 0 , 9.41 , 3924 , 1796
fibonacci19 , comp , mcrl2-default , 0 , 0.10 , 2020 , 52
fibonacci19 , exec , mcrl2-default , 0 , 0.20 , 3924 , 1728
fibonacci19 , comp , mcrl2-jittyc , 0 , 0.10 , 2020 , 52
fibonacci19 , exec , mcrl2-jittyc , 0 , 9.41 , 3924 , 1788
fibonacci20 , comp , mcrl2-default , 0 , 0.10 , 2020 , 52
fibonacci20 , exec , mcrl2-default , 0 , 0.30 , 3924 , 1596
fibonacci20 , comp , mcrl2-jittyc , 0 , 0.10 , 2020 , 52
fibonacci20 , exec , mcrl2-jittyc , 0 , 9.41 , 3924 , 1592
fibonacci21 , comp , mcrl2-default , 0 , 0.10 , 2020 , 52
fibonacci21 , exec , mcrl2-default , 0 , 0.30 , 3924 , 1824
fibonacci21 , comp , mcrl2-jittyc , 0 , 0.10 , 2020 , 56
fibonacci21 , exec , mcrl2-jittyc , 0 , 9.41 , 3924 , 1824
hanoi4 , comp , mcrl2-default , 0 , 0.10 , 2020 , 48
hanoi4 , exec , mcrl2-default , 0 , 0.10 , 2020 , 52
hanoi4 , comp , mcrl2-jittyc , 0 , 0.10 , 2020 , 52
hanoi4 , exec , mcrl2-jittyc , 0 , 12.01 , 3924 , 1784
langton6 , comp , mcrl2-default , 0 , 0.20 , 3924 , 1764
langton6 , exec , mcrl2-default , kill-11 , 0.10 , 2020 , 52
langton6 , comp , mcrl2-jittyc , 0 , 0.20 , 3924 , 1732
langton6 , exec , mcrl2-jittyc , kill-11 , 14.81 , 3924 , 1716
langton7 , comp , mcrl2-default , 0 , 0.20 , 3924 , 1788
langton7 , exec , mcrl2-default , kill-11 , 0.20 , 3924 , 1596
langton7 , comp , mcrl2-jittyc , 0 , 0.20 , 3924 , 1728
langton7 , exec , mcrl2-jittyc , kill-11 , 14.81 , 3924 , 1776
logic3 , comp , mcrl2-default , 0 , 0.10 , 2020 , 52
logic3 , exec , mcrl2-default , 0 , 0.10 , 2020 , 56
logic3 , comp , mcrl2-jittyc , 0 , 0.10 , 2020 , 52
logic3 , exec , mcrl2-jittyc , 0 , 10.11 , 3924 , 1776
merge , comp , mcrl2-default , 0 , 0.10 , 2020 , 52
merge , exec , mcrl2-default , 0 , 0.10 , 2020 , 52
merge , comp , mcrl2-jittyc , 0 , 0.20 , 3924 , 1724
merge , exec , mcrl2-jittyc , 0 , 11.81 , 3924 , 1872
mergesort10 , comp , mcrl2-default , 0 , 0.20 , 3924 , 1780
mergesort10 , exec , mcrl2-default , 0 , 0.10 , 2020 , 56
mergesort10 , comp , mcrl2-jittyc , 0 , 0.20 , 3924 , 1780
mergesort10 , exec , mcrl2-jittyc , 0 , 12.71 , 3924 , 1600
mergesort100 , comp , mcrl2-default , 0 , 0.10 , 2020 , 52
mergesort100 , exec , mcrl2-default , timeout , 360.10 , 3924 , 1872
mergesort100 , comp , mcrl2-jittyc , 0 , 0.10 , 2020 , 52
mergesort100 , exec , mcrl2-jittyc , timeout , 360.10 , 3924 , 1784
mergesort1000 , comp , mcrl2-default , 0 , 0.10 , 2020 , 52
mergesort1000 , exec , mcrl2-default , timeout , 360.09 , 3924 , 1824
mergesort1000 , comp , mcrl2-jittyc , 0 , 0.20 , 3924 , 1764
mergesort1000 , exec , mcrl2-jittyc , timeout , 360.10 , 3924 , 1596
missionaries2 , comp , mcrl2-default , 0 , 0.20 , 3924 , 1788
missionaries2 , exec , mcrl2-default , 0 , 0.20 , 3924 , 1732
missionaries2 , comp , mcrl2-jittyc , 0 , 0.20 , 3924 , 1724
missionaries2 , exec , mcrl2-jittyc , 0 , 19.42 , 3924 , 1764
missionaries3 , comp , mcrl2-default , 0 , 0.20 , 3924 , 1788
missionaries3 , exec , mcrl2-default , 0 , 0.20 , 3924 , 1724
missionaries3 , comp , mcrl2-jittyc , 0 , 0.20 , 3924 , 1720
missionaries3 , exec , mcrl2-jittyc , 0 , 19.52 , 3924 , 1656
permutations6 , comp , mcrl2-default , 0 , 0.10 , 2020 , 56
permutations6 , exec , mcrl2-default , 0 , 0.60 , 3924 , 1788
permutations6 , comp , mcrl2-jittyc , 0 , 0.10 , 2020 , 56
permutations6 , exec , mcrl2-jittyc , 0 , 12.11 , 3924 , 1824
permutations7 , comp , mcrl2-default , 0 , 0.10 , 2020 , 52
permutations7 , exec , mcrl2-default , kill-11 , 0.60 , 3924 , 1868
permutations7 , comp , mcrl2-jittyc , 0 , 0.10 , 2020 , 52
permutations7 , exec , mcrl2-jittyc , 0 , 14.81 , 3924 , 1776
quicksort10 , comp , mcrl2-default , 0 , 0.10 , 2020 , 52
quicksort10 , exec , mcrl2-default , 0 , 0.20 , 3924 , 1596
quicksort10 , comp , mcrl2-jittyc , 0 , 0.10 , 2020 , 52
quicksort10 , exec , mcrl2-jittyc , 0 , 12.71 , 3924 , 1660
quicksort100 , comp , mcrl2-default , 0 , 0.10 , 2020 , 52
quicksort100 , exec , mcrl2-default , timeout , 360.10 , 3924 , 1828
quicksort100 , comp , mcrl2-jittyc , 0 , 0.20 , 3924 , 1772
quicksort100 , exec , mcrl2-jittyc , timeout , 360.09 , 3924 , 1724
quicksort1000 , comp , mcrl2-default , 0 , 0.20 , 3924 , 1764
quicksort1000 , exec , mcrl2-default , timeout , 360.09 , 3924 , 1748
quicksort1000 , comp , mcrl2-jittyc , 0 , 0.10 , 2020 , 52
quicksort1000 , exec , mcrl2-jittyc , timeout , 360.10 , 3924 , 1788
revnat100 , comp , mcrl2-default , 0 , 0.10 , 2020 , 52
revnat100 , exec , mcrl2-default , 0 , 0.10 , 2020 , 56
revnat100 , comp , mcrl2-jittyc , 0 , 0.10 , 2020 , 52
revnat100 , exec , mcrl2-jittyc , 0 , 10.61 , 3924 , 1732
revnat1000 , comp , mcrl2-default , 0 , 0.10 , 2020 , 48
revnat1000 , exec , mcrl2-default , 0 , 6.00 , 3924 , 1736
revnat1000 , comp , mcrl2-jittyc , 0 , 0.10 , 2020 , 52
revnat1000 , exec , mcrl2-jittyc , 0 , 15.11 , 3924 , 1732
revnat10000 , comp , mcrl2-default , 0 , 0.10 , 2020 , 52
revnat10000 , exec , mcrl2-default , kill-11 , 0.10 , 2020 , 56
revnat10000 , comp , mcrl2-jittyc , 0 , 0.10 , 2020 , 52
revnat10000 , exec , mcrl2-jittyc , timeout , 360.10 , 3924 , 1824
sieve20 , comp , mcrl2-default , 0 , 0.20 , 3924 , 1780
sieve20 , exec , mcrl2-default , 0 , 0.10 , 2020 , 56
sieve20 , comp , mcrl2-jittyc , 0 , 0.20 , 3924 , 1768
sieve20 , exec , mcrl2-jittyc , 0 , 14.11 , 3924 , 1788
sieve100 , comp , mcrl2-default , 0 , 0.20 , 3924 , 1724
sieve100 , exec , mcrl2-default , 0 , 0.30 , 3924 , 1788
sieve100 , comp , mcrl2-jittyc , 0 , 0.10 , 2020 , 52
sieve100 , exec , mcrl2-jittyc , 0 , 14.31 , 3924 , 1764
sieve1000 , comp , mcrl2-default , 0 , 0.20 , 3924 , 1748
sieve1000 , exec , mcrl2-default , 0 , 25.82 , 3924 , 1788
sieve1000 , comp , mcrl2-jittyc , 0 , 0.10 , 2020 , 52
sieve1000 , exec , mcrl2-jittyc , 0 , 15.51 , 3924 , 1764
sieve2000 , comp , mcrl2-default , 0 , 0.20 , 3924 , 1780
sieve2000 , exec , mcrl2-default , 0 , 165.54 , 3924 , 1768
sieve2000 , comp , mcrl2-jittyc , 0 , 0.10 , 2020 , 52
sieve2000 , exec , mcrl2-jittyc , 0 , 20.02 , 3924 , 1716
sieve10000 , comp , mcrl2-default , 0 , 0.10 , 2020 , 52
sieve10000 , exec , mcrl2-default , kill-11 , 0.10 , 2020 , 52
sieve10000 , comp , mcrl2-jittyc , 0 , 0.20 , 3924 , 1716
sieve10000 , exec , mcrl2-jittyc , 0 , 342.18 , 3924 , 1676
tak18 , comp , mcrl2-default , 0 , 0.10 , 2020 , 52
tak18 , exec , mcrl2-default , 0 , 1.40 , 3924 , 1828
tak18 , comp , mcrl2-jittyc , 0 , 0.10 , 2020 , 52
tak18 , exec , mcrl2-jittyc , 0 , 11.21 , 3924 , 1828
tak36 , comp , mcrl2-default , 0 , 0.20 , 3924 , 1776
tak36 , exec , mcrl2-default , 0 , 102.08 , 3924 , 1764
tak36 , comp , mcrl2-jittyc , 0 , 0.10 , 2020 , 56
tak36 , exec , mcrl2-jittyc , 0 , 13.91 , 3924 , 1776
benchexpr10 , comp , ocaml , 0 , 0.20 , 3924 , 1792
benchexpr10 , exec , ocaml , 0 , 0.10 , 2020 , 52
benchexpr20 , comp , ocaml , 0 , 0.30 , 3924 , 1752
benchexpr20 , exec , ocaml , 0 , 2.60 , 3924 , 1720
benchexpr22 , comp , ocaml , 0 , 0.30 , 3924 , 1868
benchexpr22 , exec , ocaml , 0 , 10.41 , 3924 , 1764
benchsym10 , comp , ocaml , 0 , 0.30 , 3924 , 1596
benchsym10 , exec , ocaml , 0 , 0.10 , 2020 , 56
benchsym20 , comp , ocaml , 0 , 0.30 , 3924 , 1828
benchsym20 , exec , ocaml , 0 , 1.80 , 3924 , 1868
benchsym22 , comp , ocaml , 0 , 0.20 , 3924 , 1776
benchsym22 , exec , ocaml , 0 , 7.01 , 3924 , 1596
benchtree10 , comp , ocaml , 0 , 0.20 , 3924 , 1660
benchtree10 , exec , ocaml , timeout , 360.09 , 3924 , 1776
benchtree20 , comp , ocaml , 0 , 0.30 , 3924 , 1872
benchtree20 , exec , ocaml , timeout , 360.09 , 3924 , 1724
benchtree22 , comp , ocaml , 0 , 0.30 , 3924 , 1596
benchtree22 , exec , ocaml , timeout , 360.10 , 3924 , 1748
binarysearch , comp , ocaml , 0 , 0.30 , 3924 , 1780
binarysearch , exec , ocaml , 2 , 10.31 , 3924 , 1768
bubblesort10 , comp , ocaml , 0 , 0.20 , 3924 , 1968
bubblesort10 , exec , ocaml , 0 , 0.10 , 2020 , 56
bubblesort20 , comp , ocaml , 0 , 0.10 , 2020 , 52
bubblesort20 , exec , ocaml , 0 , 0.10 , 2020 , 52
bubblesort100 , comp , ocaml , 0 , 0.20 , 3924 , 1752
bubblesort100 , exec , ocaml , 0 , 0.10 , 2020 , 56
bubblesort720 , comp , ocaml , 0 , 0.20 , 3924 , 1596
bubblesort720 , exec , ocaml , 0 , 3.60 , 3924 , 1780
bubblesort1000 , comp , ocaml , 0 , 0.10 , 2020 , 48
bubblesort1000 , exec , ocaml , 0 , 9.31 , 3924 , 1828
dart , comp , ocaml , 0 , 0.10 , 2020 , 52
dart , exec , ocaml , 0 , 0.10 , 2020 , 56
evalexpr , comp , ocaml , 0 , 0.20 , 3924 , 1772
evalexpr , exec , ocaml , 0 , 2.20 , 3924 , 1596
evalsym , comp , ocaml , 0 , 0.20 , 3924 , 1828
evalsym , exec , ocaml , 0 , 92.78 , 3924 , 1780
evaltree , comp , ocaml , 0 , 0.20 , 3924 , 1596
evaltree , exec , ocaml , 0 , 6.21 , 3924 , 1724
factorial5 , comp , ocaml , 0 , 0.10 , 2020 , 56
factorial5 , exec , ocaml , 0 , 0.10 , 2020 , 52
factorial6 , comp , ocaml , 0 , 0.10 , 2020 , 56
factorial6 , exec , ocaml , 0 , 0.10 , 2020 , 48
factorial7 , comp , ocaml , 0 , 0.10 , 2020 , 56
factorial7 , exec , ocaml , 0 , 0.10 , 2020 , 48
factorial8 , comp , ocaml , 0 , 0.10 , 2020 , 52
factorial8 , exec , ocaml , 0 , 0.10 , 2020 , 52
factorial9 , comp , ocaml , 0 , 0.10 , 2020 , 56
factorial9 , exec , ocaml , 2 , 0.20 , 3924 , 1788
fib32 , comp , ocaml , 0 , 0.20 , 3924 , 1824
fib32 , exec , ocaml , 0 , 9.01 , 3924 , 1872
fibfree , comp , ocaml , 0 , 0.40 , 3924 , 1792
fibfree , exec , ocaml , 0 , 0.10 , 2020 , 52
fibonacci05 , comp , ocaml , 0 , 0.10 , 2020 , 56
fibonacci05 , exec , ocaml , 0 , 0.10 , 2020 , 56
fibonacci18 , comp , ocaml , 0 , 0.10 , 2020 , 52
fibonacci18 , exec , ocaml , 0 , 0.10 , 2020 , 48
fibonacci19 , comp , ocaml , 0 , 0.10 , 2020 , 52
fibonacci19 , exec , ocaml , 0 , 0.10 , 2020 , 52
fibonacci20 , comp , ocaml , 0 , 0.10 , 2020 , 56
fibonacci20 , exec , ocaml , 0 , 0.10 , 2020 , 52
fibonacci21 , comp , ocaml , 0 , 0.10 , 2020 , 52
fibonacci21 , exec , ocaml , 0 , 0.10 , 2020 , 56
hanoi4 , comp , ocaml , 0 , 0.20 , 3924 , 1728
hanoi4 , exec , ocaml , 0 , 0.10 , 2020 , 56
langton6 , comp , ocaml , 0 , 2.40 , 3924 , 1680
langton6 , exec , ocaml , 0 , 234.89 , 3924 , 1776
langton7 , comp , ocaml , 0 , 2.40 , 3924 , 1724
langton7 , exec , ocaml , 0 , 345.68 , 3924 , 1732
logic3 , comp , ocaml , 0 , 0.20 , 3924 , 1596
logic3 , exec , ocaml , 0 , 0.10 , 2020 , 52
merge , comp , ocaml , 0 , 0.20 , 3924 , 1752
merge , exec , ocaml , 0 , 0.10 , 2020 , 52
mergesort10 , comp , ocaml , 0 , 0.20 , 3924 , 1732
mergesort10 , exec , ocaml , 0 , 0.10 , 2020 , 56
mergesort100 , comp , ocaml , 0 , 0.20 , 3924 , 1764
mergesort100 , exec , ocaml , timeout , 360.10 , 3924 , 1660
mergesort1000 , comp , ocaml , 0 , 0.20 , 3924 , 1788
mergesort1000 , exec , ocaml , timeout , 360.10 , 3924 , 1716
missionaries2 , comp , ocaml , 0 , 0.20 , 3924 , 1868
missionaries2 , exec , ocaml , 0 , 0.10 , 2020 , 52
missionaries3 , comp , ocaml , 0 , 0.20 , 3924 , 1780
missionaries3 , exec , ocaml , 0 , 0.10 , 2020 , 56
permutations6 , comp , ocaml , 0 , 0.20 , 3924 , 1824
permutations6 , exec , ocaml , 0 , 0.10 , 2020 , 56
permutations7 , comp , ocaml , 0 , 0.20 , 3924 , 1776
permutations7 , exec , ocaml , 0 , 0.50 , 3924 , 1752
quicksort10 , comp , ocaml , 0 , 0.10 , 2020 , 52
quicksort10 , exec , ocaml , 0 , 0.10 , 2020 , 52
quicksort100 , comp , ocaml , 0 , 0.20 , 3924 , 1792
quicksort100 , exec , ocaml , timeout , 360.10 , 3924 , 1716
quicksort1000 , comp , ocaml , 0 , 0.20 , 3924 , 1716
quicksort1000 , exec , ocaml , timeout , 360.09 , 3924 , 1824
revnat100 , comp , ocaml , 0 , 0.10 , 2020 , 56
revnat100 , exec , ocaml , 0 , 0.10 , 2020 , 56
revnat1000 , comp , ocaml , 0 , 0.10 , 2020 , 52
revnat1000 , exec , ocaml , 0 , 0.30 , 3924 , 1664
revnat10000 , comp , ocaml , 0 , 0.10 , 2020 , 52
revnat10000 , exec , ocaml , 0 , 154.74 , 3924 , 1764
sieve20 , comp , ocaml , 0 , 0.20 , 3924 , 1596
sieve20 , exec , ocaml , 0 , 0.40 , 3924 , 1728
sieve100 , comp , ocaml , 0 , 0.20 , 3924 , 1764
sieve100 , exec , ocaml , timeout , 360.09 , 3924 , 1728
sieve1000 , comp , ocaml , 0 , 0.20 , 3924 , 1768
sieve1000 , exec , ocaml , timeout , 360.10 , 3924 , 1716
sieve2000 , comp , ocaml , 0 , 0.20 , 3924 , 1748
sieve2000 , exec , ocaml , timeout , 360.10 , 3924 , 1664
sieve10000 , comp , ocaml , 0 , 0.30 , 3924 , 1784
sieve10000 , exec , ocaml , timeout , 360.09 , 3924 , 1824
tak18 , comp , ocaml , 0 , 0.20 , 3924 , 1764
tak18 , exec , ocaml , 0 , 0.20 , 3924 , 1784
tak36 , comp , ocaml , 0 , 0.20 , 3924 , 1760
tak36 , exec , ocaml , 0 , 4.20 , 3924 , 1736
benchexpr10 , comp , opal , 0 , 4.50 , 3924 , 1664
benchexpr10 , exec , opal , 0 , 0.10 , 2020 , 52
benchexpr20 , comp , opal , 0 , 4.60 , 3924 , 1760
benchexpr20 , exec , opal , 0 , 2.50 , 3924 , 1768
benchexpr22 , comp , opal , 0 , 4.50 , 3924 , 1784
benchexpr22 , exec , opal , 0 , 9.91 , 3924 , 1716
benchsym10 , comp , opal , 0 , 4.50 , 3924 , 1772
benchsym10 , exec , opal , 0 , 0.10 , 2020 , 52
benchsym20 , comp , opal , 0 , 4.60 , 3924 , 1728
benchsym20 , exec , opal , 0 , 2.40 , 3924 , 1780
benchsym22 , comp , opal , 0 , 4.61 , 3924 , 1760
benchsym22 , exec , opal , 0 , 9.31 , 3924 , 1672
benchtree10 , comp , opal , 0 , 4.50 , 3924 , 1760
benchtree10 , exec , opal , 0 , 0.10 , 2020 , 56
benchtree20 , comp , opal , 0 , 4.50 , 3924 , 1764
benchtree20 , exec , opal , 0 , 4.20 , 3924 , 1768
benchtree22 , comp , opal , 0 , 4.50 , 3924 , 1868
benchtree22 , exec , opal , 0 , 16.71 , 3924 , 1724
binarysearch , comp , opal , 0 , 2.50 , 3924 , 1724
binarysearch , exec , opal , kill-11 , 3.50 , 3924 , 1764
bubblesort10 , comp , opal , 0 , 1.20 , 3924 , 1716
bubblesort10 , exec , opal , 0 , 0.10 , 2020 , 52
bubblesort20 , comp , opal , 0 , 1.40 , 3924 , 1872
bubblesort20 , exec , opal , 0 , 0.10 , 2020 , 56
bubblesort100 , comp , opal , 0 , 1.30 , 3924 , 1776
bubblesort100 , exec , opal , 0 , 0.10 , 2020 , 52
bubblesort720 , comp , opal , 0 , 1.30 , 3924 , 1776
bubblesort720 , exec , opal , 0 , 4.30 , 3924 , 1824
bubblesort1000 , comp , opal , 0 , 1.30 , 3924 , 1664
bubblesort1000 , exec , opal , 0 , 10.91 , 3924 , 1724
dart , comp , opal , 0 , 1.90 , 3924 , 1780
dart , exec , opal , 0 , 0.20 , 3924 , 1780
evalexpr , comp , opal , 0 , 2.60 , 3924 , 1556
evalexpr , exec , opal , 0 , 2.10 , 3924 , 1768
evalsym , comp , opal , 0 , 2.50 , 3924 , 1784
evalsym , exec , opal , 0 , 93.38 , 3924 , 1720
evaltree , comp , opal , 0 , 2.00 , 3924 , 1760
evaltree , exec , opal , 0 , 4.50 , 3924 , 1776
factorial5 , comp , opal , 0 , 0.80 , 3924 , 1688
factorial5 , exec , opal , 0 , 0.10 , 2020 , 52
factorial6 , comp , opal , 0 , 0.80 , 3924 , 1824
factorial6 , exec , opal , 0 , 0.10 , 2020 , 52
factorial7 , comp , opal , 0 , 0.80 , 3924 , 1724
factorial7 , exec , opal , 0 , 0.10 , 2020 , 52
factorial8 , comp , opal , 0 , 0.80 , 3924 , 1732
factorial8 , exec , opal , 0 , 0.20 , 3924 , 1596
factorial9 , comp , opal , 0 , 0.80 , 3924 , 1716
factorial9 , exec , opal , kill-11 , 0.20 , 3924 , 1724
fib32 , comp , opal , 0 , 2.20 , 3924 , 1776
fib32 , exec , opal , 0 , 5.30 , 3924 , 1776
fibfree , comp , opal , 0 , 6.11 , 3924 , 1824
fibfree , exec , opal , 0 , 0.10 , 2020 , 48
fibonacci05 , comp , opal , 0 , 1.30 , 3924 , 1784
fibonacci05 , exec , opal , 0 , 0.10 , 2020 , 56
fibonacci18 , comp , opal , 0 , 0.90 , 3924 , 1864
fibonacci18 , exec , opal , 0 , 0.10 , 2020 , 52
fibonacci19 , comp , opal , 0 , 0.90 , 3924 , 1660
fibonacci19 , exec , opal , 0 , 0.10 , 2020 , 52
fibonacci20 , comp , opal , 0 , 0.80 , 3924 , 1824
fibonacci20 , exec , opal , 0 , 0.10 , 2020 , 52
fibonacci21 , comp , opal , 0 , 0.90 , 3924 , 1764
fibonacci21 , exec , opal , 0 , 0.10 , 2020 , 56
hanoi4 , comp , opal , 0 , 1.50 , 3924 , 1728
hanoi4 , exec , opal , 0 , 0.10 , 2020 , 52
langton6 , comp , opal , 0 , 16.61 , 3924 , 1724
langton6 , exec , opal , 0 , 132.41 , 3924 , 1872
langton7 , comp , opal , 0 , 16.61 , 3924 , 1724
langton7 , exec , opal , 0 , 174.84 , 3924 , 1776
logic3 , comp , opal , 0 , 0.80 , 3924 , 1660
logic3 , exec , opal , 0 , 0.10 , 2020 , 56
merge , comp , opal , 0 , 2.00 , 3924 , 1788
merge , exec , opal , 0 , 0.10 , 2020 , 56
mergesort10 , comp , opal , 0 , 1.60 , 3924 , 1716
mergesort10 , exec , opal , 0 , 0.10 , 2020 , 56
mergesort100 , comp , opal , 0 , 1.60 , 3924 , 1824
mergesort100 , exec , opal , 0 , 0.10 , 2020 , 48
mergesort1000 , comp , opal , 0 , 1.50 , 3924 , 1720
mergesort1000 , exec , opal , 0 , 1.50 , 3924 , 1732
missionaries2 , comp , opal , 0 , 3.60 , 3924 , 1764
missionaries2 , exec , opal , 0 , 0.10 , 2020 , 52
missionaries3 , comp , opal , 0 , 3.60 , 3924 , 1660
missionaries3 , exec , opal , 0 , 0.10 , 2020 , 52
permutations6 , comp , opal , 0 , 1.70 , 3924 , 1596
permutations6 , exec , opal , 0 , 0.20 , 3924 , 1824
permutations7 , comp , opal , 0 , 1.70 , 3924 , 1780
permutations7 , exec , opal , 0 , 1.00 , 3924 , 1784
quicksort10 , comp , opal , 0 , 1.50 , 3924 , 1660
quicksort10 , exec , opal , 0 , 0.10 , 2020 , 52
quicksort100 , comp , opal , 0 , 1.60 , 3924 , 1828
quicksort100 , exec , opal , 0 , 0.10 , 2020 , 52
quicksort1000 , comp , opal , 0 , 1.60 , 3924 , 1720
quicksort1000 , exec , opal , 0 , 21.02 , 3924 , 1600
revnat100 , comp , opal , 0 , 1.10 , 3924 , 1776
revnat100 , exec , opal , 0 , 0.10 , 2020 , 52
revnat1000 , comp , opal , 0 , 1.10 , 3924 , 1728
revnat1000 , exec , opal , 0 , 1.30 , 3924 , 1724
revnat10000 , comp , opal , 0 , 1.00 , 3924 , 1764
revnat10000 , exec , opal , kill-6 , 16.81 , 3924 , 1736
sieve20 , comp , opal , 0 , 2.40 , 3924 , 1824
sieve20 , exec , opal , 0 , 0.10 , 2020 , 56
sieve100 , comp , opal , 0 , 2.30 , 3924 , 1728
sieve100 , exec , opal , 0 , 0.10 , 2020 , 52
sieve1000 , comp , opal , 0 , 2.30 , 3924 , 1764
sieve1000 , exec , opal , 0 , 0.70 , 3924 , 1592
sieve2000 , comp , opal , 0 , 2.20 , 3924 , 1824
sieve2000 , exec , opal , 0 , 3.20 , 3924 , 1768
sieve10000 , comp , opal , 0 , 2.40 , 3924 , 1868
sieve10000 , exec , opal , 0 , 204.87 , 3924 , 1784
tak18 , comp , opal , 0 , 1.30 , 3924 , 1724
tak18 , exec , opal , 0 , 0.10 , 2020 , 56
tak36 , comp , opal , 0 , 1.40 , 3924 , 1820
tak36 , exec , opal , 0 , 3.10 , 3924 , 1776
benchexpr10 , comp-exec , rascal-interp , 0 , 7.81 , 3924 , 1788
benchexpr10 , comp , rascal-compil , 0 , 33.97 , 3924 , 1760
benchexpr10 , exec , rascal-compil , 0 , 4.11 , 3924 , 1736
benchexpr20 , comp-exec , rascal-interp , timeout , 360.12 , 3924 , 1724
benchexpr20 , comp , rascal-compil , 0 , 37.05 , 3924 , 1716
benchexpr20 , exec , rascal-compil , 0 , 289.75 , 3924 , 1828
benchexpr22 , comp-exec , rascal-interp , timeout , 360.11 , 3924 , 1764
benchexpr22 , comp , rascal-compil , 0 , 33.45 , 3924 , 1776
benchexpr22 , exec , rascal-compil , timeout , 360.13 , 3924 , 1776
benchsym10 , comp-exec , rascal-interp , 0 , 8.21 , 3924 , 1788
benchsym10 , comp , rascal-compil , 0 , 33.25 , 3924 , 1732
benchsym10 , exec , rascal-compil , 0 , 4.30 , 3924 , 1716
benchsym20 , comp-exec , rascal-interp , timeout , 360.13 , 3924 , 1784
benchsym20 , comp , rascal-compil , 0 , 33.34 , 3924 , 1724
benchsym20 , exec , rascal-compil , timeout , 360.12 , 3924 , 1872
benchsym22 , comp-exec , rascal-interp , timeout , 360.13 , 3924 , 1732
benchsym22 , comp , rascal-compil , 0 , 32.35 , 3924 , 1748
benchsym22 , exec , rascal-compil , timeout , 360.12 , 3924 , 1776
benchtree10 , comp-exec , rascal-interp , timeout , 360.13 , 3924 , 1600
benchtree10 , comp , rascal-compil , 0 , 34.56 , 3924 , 1776
benchtree10 , exec , rascal-compil , timeout , 360.12 , 3924 , 1824
benchtree20 , comp-exec , rascal-interp , timeout , 360.12 , 3924 , 1724
benchtree20 , comp , rascal-compil , 0 , 33.96 , 3924 , 1784
benchtree20 , exec , rascal-compil , timeout , 360.10 , 3924 , 1780
benchtree22 , comp-exec , rascal-interp , timeout , 360.13 , 3924 , 1768
benchtree22 , comp , rascal-compil , 0 , 31.85 , 3924 , 1736
benchtree22 , exec , rascal-compil , timeout , 360.12 , 3924 , 1764
binarysearch , comp-exec , rascal-interp , timeout , 360.22 , 3924 , 1716
binarysearch , comp , rascal-compil , 0 , 28.45 , 3924 , 1776
binarysearch , exec , rascal-compil , timeout , 360.12 , 3924 , 1764
bubblesort10 , comp-exec , rascal-interp , 0 , 4.71 , 3924 , 1768
bubblesort10 , comp , rascal-compil , 0 , 24.03 , 3924 , 1768
bubblesort10 , exec , rascal-compil , 0 , 2.71 , 3924 , 1720
bubblesort20 , comp-exec , rascal-interp , 0 , 5.01 , 3924 , 1772
bubblesort20 , comp , rascal-compil , 0 , 25.23 , 3924 , 1728
bubblesort20 , exec , rascal-compil , 0 , 2.90 , 3924 , 1780
bubblesort100 , comp-exec , rascal-interp , 0 , 11.72 , 3924 , 1868
bubblesort100 , comp , rascal-compil , 0 , 23.63 , 3924 , 1828
bubblesort100 , exec , rascal-compil , 0 , 5.12 , 3924 , 1868
bubblesort720 , comp-exec , rascal-interp , timeout , 360.13 , 3924 , 1788
bubblesort720 , comp , rascal-compil , 0 , 25.73 , 3924 , 1732
bubblesort720 , exec , rascal-compil , timeout , 360.13 , 3924 , 1724
bubblesort1000 , comp-exec , rascal-interp , timeout , 360.13 , 3924 , 1664
bubblesort1000 , comp , rascal-compil , 0 , 24.74 , 3924 , 1732
bubblesort1000 , exec , rascal-compil , timeout , 360.12 , 3924 , 1720
dart , comp-exec , rascal-interp , 0 , 11.92 , 3924 , 1764
dart , comp , rascal-compil , 0 , 25.24 , 3924 , 1788
dart , exec , rascal-compil , 0 , 7.01 , 3924 , 1824
evalexpr , comp-exec , rascal-interp , timeout , 360.09 , 3924 , 1788
evalexpr , comp , rascal-compil , 0 , 33.44 , 3924 , 1768
evalexpr , exec , rascal-compil , 0 , 211.67 , 3924 , 1764
evalsym , comp-exec , rascal-interp , timeout , 360.13 , 3924 , 1784
evalsym , comp , rascal-compil , 0 , 27.44 , 3924 , 1776
evalsym , exec , rascal-compil , timeout , 360.13 , 3924 , 1764
evaltree , comp-exec , rascal-interp , timeout , 360.14 , 3924 , 1660
evaltree , comp , rascal-compil , 0 , 25.33 , 3924 , 1824
evaltree , exec , rascal-compil , timeout , 360.13 , 3924 , 1868
factorial5 , comp-exec , rascal-interp , 0 , 4.61 , 3924 , 1788
factorial5 , comp , rascal-compil , 0 , 24.04 , 3924 , 1780
factorial5 , exec , rascal-compil , 0 , 2.70 , 3924 , 1788
factorial6 , comp-exec , rascal-interp , 0 , 4.91 , 3924 , 1764
factorial6 , comp , rascal-compil , 0 , 25.04 , 3924 , 1768
factorial6 , exec , rascal-compil , 0 , 2.70 , 3924 , 1600
factorial7 , comp-exec , rascal-interp , 0 , 5.11 , 3924 , 1728
factorial7 , comp , rascal-compil , 0 , 22.73 , 3924 , 1660
factorial7 , exec , rascal-compil , 0 , 2.91 , 3924 , 1724
factorial8 , comp-exec , rascal-interp , 0 , 6.41 , 3924 , 1600
factorial8 , comp , rascal-compil , 0 , 24.13 , 3924 , 1780
factorial8 , exec , rascal-compil , 0 , 3.41 , 3924 , 1792
factorial9 , comp-exec , rascal-interp , 1 , 6.91 , 3924 , 1776
factorial9 , comp , rascal-compil , 0 , 23.03 , 3924 , 1868
factorial9 , exec , rascal-compil , 1 , 18.82 , 3924 , 1764
fib32 , comp-exec , rascal-interp , timeout , 360.12 , 3924 , 1732
fib32 , comp , rascal-compil , 0 , 26.74 , 3924 , 1788
fib32 , exec , rascal-compil , timeout , 360.11 , 3924 , 1752
fibfree , comp-exec , rascal-interp , 0 , 7.21 , 3924 , 1660
fibfree , comp , rascal-compil , 0 , 56.37 , 3924 , 1792
fibfree , exec , rascal-compil , 0 , 4.11 , 3924 , 1776
fibonacci05 , comp-exec , rascal-interp , 0 , 4.71 , 3924 , 1688
fibonacci05 , comp , rascal-compil , 0 , 23.63 , 3924 , 1764
fibonacci05 , exec , rascal-compil , 0 , 2.70 , 3924 , 1724
fibonacci18 , comp-exec , rascal-interp , 0 , 5.71 , 3924 , 1768
fibonacci18 , comp , rascal-compil , 0 , 23.24 , 3924 , 1776
fibonacci18 , exec , rascal-compil , 0 , 3.60 , 3924 , 1772
fibonacci19 , comp-exec , rascal-interp , 0 , 7.11 , 3924 , 1660
fibonacci19 , comp , rascal-compil , 0 , 23.53 , 3924 , 1664
fibonacci19 , exec , rascal-compil , 0 , 3.70 , 3924 , 1716
fibonacci20 , comp-exec , rascal-interp , 0 , 7.61 , 3924 , 1724
fibonacci20 , comp , rascal-compil , 0 , 25.43 , 3924 , 1764
fibonacci20 , exec , rascal-compil , 0 , 4.31 , 3924 , 1732
fibonacci21 , comp-exec , rascal-interp , 0 , 7.83 , 3924 , 1784
fibonacci21 , comp , rascal-compil , 0 , 24.45 , 3924 , 1732
fibonacci21 , exec , rascal-compil , 0 , 3.71 , 3924 , 1792
hanoi4 , comp-exec , rascal-interp , 0 , 4.81 , 3924 , 1736
hanoi4 , comp , rascal-compil , 0 , 25.84 , 3924 , 1772
hanoi4 , exec , rascal-compil , 0 , 2.70 , 3924 , 1776
langton6 , comp-exec , rascal-interp , timeout , 360.44 , 3924 , 1780
langton6 , comp , rascal-compil , 0 , 50.17 , 3924 , 1816
langton6 , exec , rascal-compil , timeout , 360.14 , 3924 , 1776
langton7 , comp-exec , rascal-interp , timeout , 360.21 , 3924 , 1776
langton7 , comp , rascal-compil , 0 , 50.18 , 3924 , 1776
langton7 , exec , rascal-compil , timeout , 360.17 , 3924 , 1752
logic3 , comp-exec , rascal-interp , 0 , 4.61 , 3924 , 1732
logic3 , comp , rascal-compil , 0 , 25.85 , 3924 , 1768
logic3 , exec , rascal-compil , 0 , 2.70 , 3924 , 1768
merge , comp-exec , rascal-interp , 0 , 5.31 , 3924 , 1768
merge , comp , rascal-compil , 0 , 27.54 , 3924 , 1780
merge , exec , rascal-compil , 0 , 3.00 , 3924 , 1824
mergesort10 , comp-exec , rascal-interp , 0 , 4.61 , 3924 , 1868
mergesort10 , comp , rascal-compil , 0 , 24.24 , 3924 , 1748
mergesort10 , exec , rascal-compil , 0 , 2.80 , 3924 , 1768
mergesort100 , comp-exec , rascal-interp , timeout , 360.13 , 3924 , 1788
mergesort100 , comp , rascal-compil , 0 , 24.64 , 3924 , 1788
mergesort100 , exec , rascal-compil , timeout , 360.10 , 3924 , 1596
mergesort1000 , comp-exec , rascal-interp , timeout , 360.11 , 3924 , 1788
mergesort1000 , comp , rascal-compil , 0 , 26.53 , 3924 , 1724
mergesort1000 , exec , rascal-compil , timeout , 360.12 , 3924 , 1748
missionaries2 , comp-exec , rascal-interp , 0 , 6.11 , 3924 , 1824
missionaries2 , comp , rascal-compil , 0 , 27.74 , 3924 , 1760
missionaries2 , exec , rascal-compil , 0 , 3.31 , 3924 , 1868
missionaries3 , comp-exec , rascal-interp , 0 , 6.33 , 3924 , 1716
missionaries3 , comp , rascal-compil , 0 , 26.83 , 3924 , 1780
missionaries3 , exec , rascal-compil , 0 , 3.61 , 3924 , 1824
permutations6 , comp-exec , rascal-interp , 0 , 7.71 , 3924 , 1768
permutations6 , comp , rascal-compil , 0 , 23.43 , 3924 , 1724
permutations6 , exec , rascal-compil , 0 , 3.91 , 3924 , 1728
permutations7 , comp-exec , rascal-interp , 0 , 45.25 , 3924 , 1748
permutations7 , comp , rascal-compil , 0 , 23.84 , 3924 , 1660
permutations7 , exec , rascal-compil , 0 , 21.02 , 3924 , 1768
quicksort10 , comp-exec , rascal-interp , 0 , 6.51 , 3924 , 1780
quicksort10 , comp , rascal-compil , 0 , 25.44 , 3924 , 1724
quicksort10 , exec , rascal-compil , 0 , 3.40 , 3924 , 1792
quicksort100 , comp-exec , rascal-interp , timeout , 360.14 , 3924 , 1600
quicksort100 , comp , rascal-compil , 0 , 25.43 , 3924 , 1732
quicksort100 , exec , rascal-compil , timeout , 360.12 , 3924 , 1732
quicksort1000 , comp-exec , rascal-interp , timeout , 360.11 , 3924 , 1724
quicksort1000 , comp , rascal-compil , 0 , 25.34 , 3924 , 1732
quicksort1000 , exec , rascal-compil , timeout , 360.15 , 3924 , 1788
revnat100 , comp-exec , rascal-interp , 0 , 4.91 , 3924 , 1736
revnat100 , comp , rascal-compil , 0 , 23.64 , 3924 , 1748
revnat100 , exec , rascal-compil , 0 , 2.80 , 3924 , 1828
revnat1000 , comp-exec , rascal-interp , 0 , 18.02 , 3924 , 1772
revnat1000 , comp , rascal-compil , 0 , 24.23 , 3924 , 1688
revnat1000 , exec , rascal-compil , 0 , 11.31 , 3924 , 1720
revnat10000 , comp-exec , rascal-interp , timeout , 360.14 , 3924 , 1768
revnat10000 , comp , rascal-compil , 0 , 22.93 , 3924 , 1780
revnat10000 , exec , rascal-compil , 0 , 341.72 , 3924 , 1728
sieve20 , comp-exec , rascal-interp , 0 , 53.35 , 3924 , 1868
sieve20 , comp , rascal-compil , 0 , 28.14 , 3924 , 1736
sieve20 , exec , rascal-compil , 0 , 27.53 , 3924 , 1748
sieve100 , comp-exec , rascal-interp , timeout , 360.04 , 3924 , 1732
sieve100 , comp , rascal-compil , 0 , 27.05 , 3924 , 1752
sieve100 , exec , rascal-compil , timeout , 360.13 , 3924 , 1776
sieve1000 , comp-exec , rascal-interp , timeout , 360.11 , 3924 , 1744
sieve1000 , comp , rascal-compil , 0 , 25.14 , 3924 , 1868
sieve1000 , exec , rascal-compil , timeout , 360.11 , 3924 , 1748
sieve2000 , comp-exec , rascal-interp , timeout , 360.16 , 3924 , 1768
sieve2000 , comp , rascal-compil , 0 , 27.34 , 3924 , 1788
sieve2000 , exec , rascal-compil , timeout , 360.17 , 3924 , 1788
sieve10000 , comp-exec , rascal-interp , timeout , 360.12 , 3924 , 1660
sieve10000 , comp , rascal-compil , 0 , 26.64 , 3924 , 1724
sieve10000 , exec , rascal-compil , timeout , 360.13 , 3924 , 1776
tak18 , comp-exec , rascal-interp , 0 , 22.63 , 3924 , 1732
tak18 , comp , rascal-compil , 0 , 24.53 , 3924 , 1732
tak18 , exec , rascal-compil , 0 , 10.81 , 3924 , 1600
tak36 , comp-exec , rascal-interp , timeout , 360.12 , 3924 , 1728
tak36 , comp , rascal-compil , 0 , 24.54 , 3924 , 1660
tak36 , exec , rascal-compil , timeout , 360.11 , 3924 , 1768
benchexpr10 , comp , scala , 0 , 15.73 , 3924 , 1784
benchexpr10 , exec , scala , 0 , 0.80 , 3924 , 1732
benchexpr20 , comp , scala , 0 , 15.83 , 3924 , 1780
benchexpr20 , exec , scala , 0 , 5.71 , 3924 , 1764
benchexpr22 , comp , scala , 0 , 16.43 , 3924 , 1720
benchexpr22 , exec , scala , 0 , 25.33 , 3924 , 1728
benchsym10 , comp , scala , 0 , 16.03 , 3924 , 1784
benchsym10 , exec , scala , 0 , 0.70 , 3924 , 1784
benchsym20 , comp , scala , 0 , 16.42 , 3924 , 1768
benchsym20 , exec , scala , 0 , 2.90 , 3924 , 1732
benchsym22 , comp , scala , 0 , 16.02 , 3924 , 1596
benchsym22 , exec , scala , 0 , 7.41 , 3924 , 1724
benchtree10 , comp , scala , 0 , 15.42 , 3924 , 1868
benchtree10 , exec , scala , timeout , 360.11 , 3924 , 1764
benchtree20 , comp , scala , 0 , 16.03 , 3924 , 1772
benchtree20 , exec , scala , timeout , 360.12 , 3924 , 1732
benchtree22 , comp , scala , 0 , 15.53 , 3924 , 1716
benchtree22 , exec , scala , timeout , 360.11 , 3924 , 1596
binarysearch , comp , scala , 0 , 12.12 , 3924 , 1872
binarysearch , exec , scala , 1 , 37.66 , 3924 , 1596
bubblesort10 , comp , scala , 0 , 8.41 , 3924 , 1868
bubblesort10 , exec , scala , 0 , 0.60 , 3924 , 1600
bubblesort20 , comp , scala , 0 , 8.72 , 3924 , 1776
bubblesort20 , exec , scala , 0 , 0.60 , 3924 , 1768
bubblesort100 , comp , scala , 0 , 8.81 , 3924 , 1728
bubblesort100 , exec , scala , 0 , 0.70 , 3924 , 1776
bubblesort720 , comp , scala , 0 , 8.41 , 3924 , 1716
bubblesort720 , exec , scala , 0 , 5.91 , 3924 , 1748
bubblesort1000 , comp , scala , 0 , 8.31 , 3924 , 1720
bubblesort1000 , exec , scala , 0 , 13.71 , 3924 , 1872
dart , comp , scala , 0 , 9.02 , 3924 , 1788
dart , exec , scala , 0 , 5.81 , 3924 , 1788
evalexpr , comp , scala , 0 , 12.22 , 3924 , 1788
evalexpr , exec , scala , 0 , 2.60 , 3924 , 1724
evalsym , comp , scala , 0 , 10.22 , 3924 , 1764
evalsym , exec , scala , 0 , 57.45 , 3924 , 1780
evaltree , comp , scala , 0 , 9.71 , 3924 , 1768
evaltree , exec , scala , 0 , 5.71 , 3924 , 1732
factorial5 , comp , scala , 0 , 6.71 , 3924 , 1600
factorial5 , exec , scala , 0 , 0.60 , 3924 , 1596
factorial6 , comp , scala , 0 , 6.91 , 3924 , 1724
factorial6 , exec , scala , 0 , 0.60 , 3924 , 1732
factorial7 , comp , scala , 0 , 6.61 , 3924 , 1720
factorial7 , exec , scala , 0 , 1.10 , 3924 , 1868
factorial8 , comp , scala , 0 , 6.81 , 3924 , 1824
factorial8 , exec , scala , 0 , 39.66 , 3924 , 1596
factorial9 , comp , scala , 0 , 6.41 , 3924 , 1784
factorial9 , exec , scala , 1 , 1.20 , 3924 , 1724
fib32 , comp , scala , 0 , 11.42 , 3924 , 1764
fib32 , exec , scala , 0 , 2.80 , 3924 , 1596
fibfree , comp , scala , 0 , 18.93 , 3924 , 1792
fibfree , exec , scala , 0 , 0.60 , 3924 , 1660
fibonacci05 , comp , scala , 0 , 6.91 , 3924 , 1772
fibonacci05 , exec , scala , 0 , 0.60 , 3924 , 1688
fibonacci18 , comp , scala , 0 , 6.81 , 3924 , 1824
fibonacci18 , exec , scala , 0 , 0.80 , 3924 , 1780
fibonacci19 , comp , scala , 0 , 6.71 , 3924 , 1828
fibonacci19 , exec , scala , 0 , 1.00 , 3924 , 1660
fibonacci20 , comp , scala , 0 , 6.72 , 3924 , 1768
fibonacci20 , exec , scala , 0 , 1.60 , 3924 , 1868
fibonacci21 , comp , scala , 0 , 6.41 , 3924 , 1768
fibonacci21 , exec , scala , 0 , 1.61 , 3924 , 1780
hanoi4 , comp , scala , 0 , 10.31 , 3924 , 1764
hanoi4 , exec , scala , 0 , 0.60 , 3924 , 1824
langton6 , comp , scala , 0 , 167.28 , 3924 , 1660
langton6 , exec , scala , 1 , 57.55 , 3924 , 1660
langton7 , comp , scala , 0 , 177.28 , 3924 , 1724
langton7 , exec , scala , 1 , 77.87 , 3924 , 1784
logic3 , comp , scala , 0 , 7.21 , 3924 , 1712
logic3 , exec , scala , 0 , 0.60 , 3924 , 1660
merge , comp , scala , 0 , 9.12 , 3924 , 1660
merge , exec , scala , 0 , 0.60 , 3924 , 1780
mergesort10 , comp , scala , 0 , 8.91 , 3924 , 1736
mergesort10 , exec , scala , 0 , 0.60 , 3924 , 1768
mergesort100 , comp , scala , 0 , 8.71 , 3924 , 1764
mergesort100 , exec , scala , timeout , 360.11 , 3924 , 1792
mergesort1000 , comp , scala , 0 , 8.71 , 3924 , 1768
mergesort1000 , exec , scala , timeout , 360.11 , 3924 , 1868
missionaries2 , comp , scala , 0 , 12.41 , 3924 , 1728
missionaries2 , exec , scala , 0 , 0.70 , 3924 , 1728
missionaries3 , comp , scala , 0 , 11.62 , 3924 , 1724
missionaries3 , exec , scala , 0 , 0.70 , 3924 , 1724
permutations6 , comp , scala , 0 , 8.71 , 3924 , 1760
permutations6 , exec , scala , 0 , 1.11 , 3924 , 1660
permutations7 , comp , scala , 0 , 8.91 , 3924 , 1792
permutations7 , exec , scala , 0 , 25.35 , 3924 , 1724
quicksort10 , comp , scala , 0 , 8.52 , 3924 , 1724
quicksort10 , exec , scala , 0 , 0.70 , 3924 , 1764
quicksort100 , comp , scala , 0 , 8.82 , 3924 , 1764
quicksort100 , exec , scala , timeout , 360.10 , 3924 , 1724
quicksort1000 , comp , scala , 0 , 9.11 , 3924 , 1724
quicksort1000 , exec , scala , timeout , 360.11 , 3924 , 1724
revnat100 , comp , scala , 0 , 7.61 , 3924 , 1784
revnat100 , exec , scala , 0 , 0.70 , 3924 , 1788
revnat1000 , comp , scala , 0 , 7.71 , 3924 , 1788
revnat1000 , exec , scala , 0 , 13.82 , 3924 , 1728
revnat10000 , comp , scala , 0 , 8.11 , 3924 , 1596
revnat10000 , exec , scala , timeout , 360.11 , 3924 , 1868
sieve20 , comp , scala , 0 , 11.02 , 3924 , 1824
sieve20 , exec , scala , 0 , 0.81 , 3924 , 1772
sieve100 , comp , scala , 0 , 10.81 , 3924 , 1728
sieve100 , exec , scala , timeout , 360.11 , 3924 , 1772
sieve1000 , comp , scala , 0 , 10.41 , 3924 , 1760
sieve1000 , exec , scala , timeout , 360.11 , 3924 , 1784
sieve2000 , comp , scala , 0 , 10.61 , 3924 , 1732
sieve2000 , exec , scala , timeout , 360.13 , 3924 , 1824
sieve10000 , comp , scala , 0 , 11.21 , 3924 , 1596
sieve10000 , exec , scala , timeout , 360.11 , 3924 , 1596
tak18 , comp , scala , 0 , 8.31 , 3924 , 1660
tak18 , exec , scala , 0 , 0.71 , 3924 , 1824
tak36 , comp , scala , 0 , 8.12 , 3924 , 1776
tak36 , exec , scala , 0 , 1.50 , 3924 , 1764
benchexpr10 , comp-exec , sml-smlnj , 0 , 0.60 , 3924 , 1724
benchexpr10 , comp , sml-mlton , 0 , 6.41 , 3924 , 1748
benchexpr10 , exec , sml-mlton , 0 , 0.10 , 2020 , 52
benchexpr20 , comp-exec , sml-smlnj , 0 , 3.50 , 3924 , 1748
benchexpr20 , comp , sml-mlton , 0 , 6.61 , 3924 , 1728
benchexpr20 , exec , sml-mlton , 0 , 0.90 , 3924 , 1768
benchexpr22 , comp-exec , sml-smlnj , 0 , 47.34 , 3924 , 1764
benchexpr22 , comp , sml-mlton , 0 , 6.41 , 3924 , 1768
benchexpr22 , exec , sml-mlton , 0 , 2.90 , 3924 , 1772
benchsym10 , comp-exec , sml-smlnj , 0 , 0.60 , 3924 , 1752
benchsym10 , comp , sml-mlton , 0 , 6.50 , 3924 , 1776
benchsym10 , exec , sml-mlton , 0 , 0.10 , 2020 , 52
benchsym20 , comp-exec , sml-smlnj , 0 , 1.10 , 3924 , 1664
benchsym20 , comp , sml-mlton , 0 , 6.51 , 3924 , 1768
benchsym20 , exec , sml-mlton , 0 , 0.30 , 3924 , 1788
benchsym22 , comp-exec , sml-smlnj , 0 , 2.50 , 3924 , 1768
benchsym22 , comp , sml-mlton , 0 , 6.41 , 3924 , 1592
benchsym22 , exec , sml-mlton , 0 , 0.90 , 3924 , 1732
benchtree10 , comp-exec , sml-smlnj , 0 , 107.89 , 3924 , 1788
benchtree10 , comp , sml-mlton , 0 , 6.51 , 3924 , 1724
benchtree10 , exec , sml-mlton , 0 , 67.76 , 3924 , 1780
benchtree20 , comp-exec , sml-smlnj , timeout , 360.09 , 3924 , 1748
benchtree20 , comp , sml-mlton , 0 , 6.51 , 3924 , 1784
benchtree20 , exec , sml-mlton , timeout , 360.09 , 3924 , 1784
benchtree22 , comp-exec , sml-smlnj , timeout , 360.09 , 3924 , 1828
benchtree22 , comp , sml-mlton , 0 , 6.51 , 3924 , 1824
benchtree22 , exec , sml-mlton , timeout , 360.10 , 3924 , 1768
binarysearch , comp-exec , sml-smlnj , 1 , 0.30 , 3924 , 1716
binarysearch , comp , sml-mlton , 1 , 4.70 , 3924 , 1868
bubblesort10 , comp-exec , sml-smlnj , 0 , 0.30 , 3924 , 1716
bubblesort10 , comp , sml-mlton , 0 , 6.31 , 3924 , 1748
bubblesort10 , exec , sml-mlton , 0 , 0.10 , 2020 , 52
bubblesort20 , comp-exec , sml-smlnj , 0 , 0.30 , 3924 , 1596
bubblesort20 , comp , sml-mlton , 0 , 6.30 , 3924 , 1768
bubblesort20 , exec , sml-mlton , 0 , 0.10 , 2020 , 52
bubblesort100 , comp-exec , sml-smlnj , 0 , 0.30 , 3924 , 1716
bubblesort100 , comp , sml-mlton , 0 , 6.30 , 3924 , 1776
bubblesort100 , exec , sml-mlton , 0 , 0.10 , 2020 , 52
bubblesort720 , comp-exec , sml-smlnj , 0 , 3.80 , 3924 , 1600
bubblesort720 , comp , sml-mlton , 0 , 6.30 , 3924 , 1824
bubblesort720 , exec , sml-mlton , 0 , 1.10 , 3924 , 1764
bubblesort1000 , comp-exec , sml-smlnj , 0 , 6.31 , 3924 , 1868
bubblesort1000 , comp , sml-mlton , 0 , 6.30 , 3924 , 1776
bubblesort1000 , exec , sml-mlton , 0 , 1.90 , 3924 , 1764
dart , comp-exec , sml-smlnj , 0 , 0.60 , 3924 , 1592
dart , comp , sml-mlton , 0 , 6.51 , 3924 , 1872
dart , exec , sml-mlton , 0 , 0.30 , 3924 , 1556
evalexpr , comp-exec , sml-smlnj , 0 , 1.30 , 3924 , 1788
evalexpr , comp , sml-mlton , 0 , 6.41 , 3924 , 1776
evalexpr , exec , sml-mlton , 0 , 0.40 , 3924 , 1828
evalsym , comp-exec , sml-smlnj , 0 , 20.02 , 3924 , 1736
evalsym , comp , sml-mlton , 0 , 6.41 , 3924 , 1824
evalsym , exec , sml-mlton , 0 , 6.50 , 3924 , 1660
evaltree , comp-exec , sml-smlnj , 0 , 3.10 , 3924 , 1720
evaltree , comp , sml-mlton , 0 , 6.41 , 3924 , 1724
evaltree , exec , sml-mlton , 0 , 0.50 , 3924 , 1780
factorial5 , comp-exec , sml-smlnj , 0 , 0.20 , 3924 , 1780
factorial5 , comp , sml-mlton , 0 , 6.31 , 3924 , 1780
factorial5 , exec , sml-mlton , 0 , 0.10 , 2020 , 52
factorial6 , comp-exec , sml-smlnj , 0 , 0.20 , 3924 , 1768
factorial6 , comp , sml-mlton , 0 , 6.30 , 3924 , 1824
factorial6 , exec , sml-mlton , 0 , 0.10 , 2020 , 52
factorial7 , comp-exec , sml-smlnj , 0 , 0.30 , 3924 , 1768
factorial7 , comp , sml-mlton , 0 , 6.31 , 3924 , 1732
factorial7 , exec , sml-mlton , 0 , 0.10 , 2020 , 52
factorial8 , comp-exec , sml-smlnj , 0 , 0.60 , 3924 , 1724
factorial8 , comp , sml-mlton , 0 , 6.30 , 3924 , 1868
factorial8 , exec , sml-mlton , 0 , 0.30 , 3924 , 1772
factorial9 , comp-exec , sml-smlnj , 0 , 4.10 , 3924 , 1776
factorial9 , comp , sml-mlton , 0 , 6.30 , 3924 , 1872
factorial9 , exec , sml-mlton , 0 , 2.20 , 3924 , 1824
fib32 , comp-exec , sml-smlnj , 1 , 0.20 , 3924 , 1784
fib32 , comp , sml-mlton , 1 , 4.70 , 3924 , 1748
fibfree , comp-exec , sml-smlnj , 0 , 1.60 , 3924 , 1768
fibfree , comp , sml-mlton , 0 , 6.71 , 3924 , 1596
fibfree , exec , sml-mlton , 0 , 0.10 , 2020 , 56
fibonacci05 , comp-exec , sml-smlnj , 0 , 0.20 , 3924 , 1768
fibonacci05 , comp , sml-mlton , 0 , 6.31 , 3924 , 1788
fibonacci05 , exec , sml-mlton , 0 , 0.10 , 2020 , 52
fibonacci18 , comp-exec , sml-smlnj , 0 , 0.20 , 3924 , 1724
fibonacci18 , comp , sml-mlton , 0 , 6.31 , 3924 , 1868
fibonacci18 , exec , sml-mlton , 0 , 0.10 , 2020 , 52
fibonacci19 , comp-exec , sml-smlnj , 0 , 0.30 , 3924 , 1824
fibonacci19 , comp , sml-mlton , 0 , 6.31 , 3924 , 1824
fibonacci19 , exec , sml-mlton , 0 , 0.10 , 2020 , 52
fibonacci20 , comp-exec , sml-smlnj , 0 , 0.30 , 3924 , 1824
fibonacci20 , comp , sml-mlton , 0 , 6.30 , 3924 , 1732
fibonacci20 , exec , sml-mlton , 0 , 0.10 , 2020 , 56
fibonacci21 , comp-exec , sml-smlnj , 0 , 0.30 , 3924 , 1764
fibonacci21 , comp , sml-mlton , 0 , 6.30 , 3924 , 1868
fibonacci21 , exec , sml-mlton , 0 , 0.10 , 2020 , 56
hanoi4 , comp-exec , sml-smlnj , 0 , 0.20 , 3924 , 1764
hanoi4 , comp , sml-mlton , 0 , 6.31 , 3924 , 1780
hanoi4 , exec , sml-mlton , 0 , 0.10 , 2020 , 56
langton6 , comp-exec , sml-smlnj , 0 , 81.87 , 3924 , 1768
langton6 , comp , sml-mlton , 0 , 6.80 , 3924 , 1824
langton6 , exec , sml-mlton , 0 , 19.22 , 3924 , 1868
langton7 , comp-exec , sml-smlnj , 0 , 115.59 , 3924 , 1748
langton7 , comp , sml-mlton , 0 , 6.91 , 3924 , 1788
langton7 , exec , sml-mlton , 0 , 25.82 , 3924 , 1728
logic3 , comp-exec , sml-smlnj , 0 , 0.30 , 3924 , 1776
logic3 , comp , sml-mlton , 0 , 6.41 , 3924 , 1660
logic3 , exec , sml-mlton , 0 , 0.10 , 2020 , 56
merge , comp-exec , sml-smlnj , 1 , 0.20 , 3924 , 1768
merge , comp , sml-mlton , 1 , 4.70 , 3924 , 1720
mergesort10 , comp-exec , sml-smlnj , 0 , 0.30 , 3924 , 1732
mergesort10 , comp , sml-mlton , 0 , 6.41 , 3924 , 1868
mergesort10 , exec , sml-mlton , 0 , 0.10 , 2020 , 52
mergesort100 , comp-exec , sml-smlnj , timeout , 360.10 , 3924 , 1776
mergesort100 , comp , sml-mlton , 0 , 6.41 , 3924 , 1776
mergesort100 , exec , sml-mlton , timeout , 360.10 , 3924 , 1788
mergesort1000 , comp-exec , sml-smlnj , timeout , 360.10 , 3924 , 1788
mergesort1000 , comp , sml-mlton , 0 , 6.41 , 3924 , 1748
mergesort1000 , exec , sml-mlton , timeout , 360.10 , 3924 , 1776
missionaries2 , comp-exec , sml-smlnj , 1 , 0.20 , 3924 , 1736
missionaries2 , comp , sml-mlton , 1 , 4.60 , 3924 , 1764
missionaries3 , comp-exec , sml-smlnj , 1 , 0.20 , 3924 , 1824
missionaries3 , comp , sml-mlton , 1 , 4.70 , 3924 , 1724
permutations6 , comp-exec , sml-smlnj , 0 , 0.40 , 3924 , 1776
permutations6 , comp , sml-mlton , 0 , 6.31 , 3924 , 1788
permutations6 , exec , sml-mlton , 0 , 0.20 , 3924 , 1716
permutations7 , comp-exec , sml-smlnj , 0 , 1.70 , 3924 , 1764
permutations7 , comp , sml-mlton , 0 , 6.30 , 3924 , 1724
permutations7 , exec , sml-mlton , 0 , 1.10 , 3924 , 1772
quicksort10 , comp-exec , sml-smlnj , 0 , 0.20 , 3924 , 1716
quicksort10 , comp , sml-mlton , 0 , 6.30 , 3924 , 1748
quicksort10 , exec , sml-mlton , 0 , 0.10 , 2020 , 52
quicksort100 , comp-exec , sml-smlnj , timeout , 360.10 , 3924 , 1724
quicksort100 , comp , sml-mlton , 0 , 6.41 , 3924 , 1776
quicksort100 , exec , sml-mlton , timeout , 360.09 , 3924 , 1692
quicksort1000 , comp-exec , sml-smlnj , timeout , 360.10 , 3924 , 1776
quicksort1000 , comp , sml-mlton , 0 , 6.31 , 3924 , 1784
quicksort1000 , exec , sml-mlton , timeout , 360.10 , 3924 , 1748
revnat100 , comp-exec , sml-smlnj , 0 , 0.30 , 3924 , 1824
revnat100 , comp , sml-mlton , 0 , 6.30 , 3924 , 1664
revnat100 , exec , sml-mlton , 0 , 0.10 , 2020 , 56
revnat1000 , comp-exec , sml-smlnj , 0 , 5.11 , 3924 , 1768
revnat1000 , comp , sml-mlton , 0 , 6.30 , 3924 , 1764
revnat1000 , exec , sml-mlton , 0 , 2.00 , 3924 , 1772
revnat10000 , comp-exec , sml-smlnj , timeout , 360.07 , 3924 , 1764
revnat10000 , comp , sml-mlton , 0 , 6.31 , 3924 , 1820
revnat10000 , exec , sml-mlton , 0 , 327.95 , 3924 , 1784
sieve20 , comp-exec , sml-smlnj , 0 , 0.30 , 3924 , 1728
sieve20 , comp , sml-mlton , 0 , 6.31 , 3924 , 1600
sieve20 , exec , sml-mlton , 0 , 0.10 , 2020 , 56
sieve100 , comp-exec , sml-smlnj , timeout , 360.09 , 3924 , 1768
sieve100 , comp , sml-mlton , 0 , 6.41 , 3924 , 1788
sieve100 , exec , sml-mlton , timeout , 360.10 , 3924 , 1748
sieve1000 , comp-exec , sml-smlnj , timeout , 360.10 , 3924 , 1768
sieve1000 , comp , sml-mlton , 0 , 6.30 , 3924 , 1660
sieve1000 , exec , sml-mlton , timeout , 360.10 , 3924 , 1768
sieve2000 , comp-exec , sml-smlnj , timeout , 360.09 , 3924 , 1776
sieve2000 , comp , sml-mlton , 0 , 6.30 , 3924 , 1720
sieve2000 , exec , sml-mlton , timeout , 360.09 , 3924 , 1716
sieve10000 , comp-exec , sml-smlnj , timeout , 360.09 , 3924 , 1788
sieve10000 , comp , sml-mlton , 0 , 6.30 , 3924 , 1724
sieve10000 , exec , sml-mlton , timeout , 360.10 , 3924 , 1824
tak18 , comp-exec , sml-smlnj , 0 , 0.30 , 3924 , 1600
tak18 , comp , sml-mlton , 0 , 6.31 , 3924 , 1764
tak18 , exec , sml-mlton , 0 , 0.10 , 2020 , 52
tak36 , comp-exec , sml-smlnj , 0 , 0.70 , 3924 , 1784
tak36 , comp , sml-mlton , 0 , 6.31 , 3924 , 1768
tak36 , exec , sml-mlton , 0 , 0.30 , 3924 , 1780
benchexpr10 , comp , tom , 0 , 33.85 , 3924 , 1660
benchexpr10 , exec , tom , 0 , 0.60 , 3924 , 1716
benchexpr20 , comp , tom , 0 , 32.64 , 3924 , 1716
benchexpr20 , exec , tom , 0 , 6.61 , 3924 , 1748
benchexpr22 , comp , tom , 0 , 35.25 , 3924 , 1732
benchexpr22 , exec , tom , 0 , 10.61 , 3924 , 1764
benchsym10 , comp , tom , 0 , 33.24 , 3924 , 1716
benchsym10 , exec , tom , 0 , 0.70 , 3924 , 1776
benchsym20 , comp , tom , 0 , 34.65 , 3924 , 1784
benchsym20 , exec , tom , 0 , 9.51 , 3924 , 1748
benchsym22 , comp , tom , 0 , 34.36 , 3924 , 1724
benchsym22 , exec , tom , 0 , 34.83 , 3924 , 1776
benchtree10 , comp , tom , 0 , 34.24 , 3924 , 1776
benchtree10 , exec , tom , timeout , 360.09 , 3924 , 1732
benchtree20 , comp , tom , 0 , 34.45 , 3924 , 1776
benchtree20 , exec , tom , timeout , 360.09 , 3924 , 1748
benchtree22 , comp , tom , 0 , 33.95 , 3924 , 1780
benchtree22 , exec , tom , timeout , 360.08 , 3924 , 1720
binarysearch , comp , tom , 0 , 17.23 , 3924 , 1748
binarysearch , exec , tom , 1 , 42.64 , 3924 , 1724
bubblesort10 , comp , tom , 0 , 7.32 , 3924 , 1788
bubblesort10 , exec , tom , 0 , 0.40 , 3924 , 1716
bubblesort20 , comp , tom , 0 , 7.41 , 3924 , 1776
bubblesort20 , exec , tom , 0 , 0.40 , 3924 , 1732
bubblesort100 , comp , tom , 0 , 7.21 , 3924 , 1776
bubblesort100 , exec , tom , 0 , 0.40 , 3924 , 1776
bubblesort720 , comp , tom , 0 , 7.51 , 3924 , 1716
bubblesort720 , exec , tom , 0 , 1.40 , 3924 , 1792
bubblesort1000 , comp , tom , 0 , 7.21 , 3924 , 1868
bubblesort1000 , exec , tom , 0 , 3.20 , 3924 , 1780
dart , comp , tom , 0 , 9.51 , 3924 , 1600
dart , exec , tom , 0 , 0.40 , 3924 , 1716
evalexpr , comp , tom , 0 , 11.12 , 3924 , 1716
evalexpr , exec , tom , 0 , 4.20 , 3924 , 1864
evalsym , comp , tom , 0 , 10.71 , 3924 , 1764
evalsym , exec , tom , 0 , 180.64 , 3924 , 1724
evaltree , comp , tom , 0 , 12.42 , 3924 , 1776
evaltree , exec , tom , 0 , 8.51 , 3924 , 1764
factorial5 , comp , tom , 0 , 5.41 , 3924 , 1720
factorial5 , exec , tom , 0 , 0.30 , 3924 , 1736
factorial6 , comp , tom , 0 , 5.41 , 3924 , 1788
factorial6 , exec , tom , 0 , 0.40 , 3924 , 1736
factorial7 , comp , tom , 0 , 5.41 , 3924 , 1724
factorial7 , exec , tom , 0 , 0.40 , 3924 , 1720
factorial8 , comp , tom , 0 , 5.51 , 3924 , 1776
factorial8 , exec , tom , 0 , 0.50 , 3924 , 1660
factorial9 , comp , tom , 0 , 5.31 , 3924 , 1768
factorial9 , exec , tom , 0 , 1.00 , 3924 , 1792
fib32 , comp , tom , 0 , 14.22 , 3924 , 1764
fib32 , exec , tom , 0 , 4.70 , 3924 , 1764
fibfree , comp , tom , 0 , 14.33 , 3924 , 1728
fibfree , exec , tom , 0 , 0.40 , 3924 , 1600
fibonacci05 , comp , tom , 0 , 5.31 , 3924 , 1872
fibonacci05 , exec , tom , 0 , 0.40 , 3924 , 1724
fibonacci18 , comp , tom , 0 , 5.01 , 3924 , 1820
fibonacci18 , exec , tom , 0 , 0.40 , 3924 , 1772
fibonacci19 , comp , tom , 0 , 5.01 , 3924 , 1784
fibonacci19 , exec , tom , 0 , 0.40 , 3924 , 1748
fibonacci20 , comp , tom , 0 , 5.11 , 3924 , 1792
fibonacci20 , exec , tom , 0 , 0.40 , 3924 , 1776
fibonacci21 , comp , tom , 0 , 5.11 , 3924 , 1764
fibonacci21 , exec , tom , 0 , 0.40 , 3924 , 1716
hanoi4 , comp , tom , 0 , 7.91 , 3924 , 1776
hanoi4 , exec , tom , 0 , 0.40 , 3924 , 1800
langton6 , comp , tom , 0 , 22.73 , 3924 , 1596
langton6 , exec , tom , 0 , 251.40 , 3924 , 1872
langton7 , comp , tom , 0 , 22.93 , 3924 , 1664
langton7 , exec , tom , 0 , 353.88 , 3924 , 1824
logic3 , comp , tom , 0 , 8.52 , 3924 , 1764
logic3 , exec , tom , 0 , 0.40 , 3924 , 1716
merge , comp , tom , 0 , 7.41 , 3924 , 1780
merge , exec , tom , 0 , 0.40 , 3924 , 1732
mergesort10 , comp , tom , 0 , 8.01 , 3924 , 1768
mergesort10 , exec , tom , 0 , 0.40 , 3924 , 1776
mergesort100 , comp , tom , 0 , 8.31 , 3924 , 1868
mergesort100 , exec , tom , timeout , 360.08 , 3924 , 1736
mergesort1000 , comp , tom , 0 , 8.31 , 3924 , 1748
mergesort1000 , exec , tom , timeout , 360.08 , 3924 , 1776
missionaries2 , comp , tom , 0 , 15.32 , 3924 , 1660
missionaries2 , exec , tom , 0 , 0.50 , 3924 , 1788
missionaries3 , comp , tom , 0 , 15.92 , 3924 , 1764
missionaries3 , exec , tom , 0 , 0.50 , 3924 , 1788
permutations6 , comp , tom , 0 , 8.11 , 3924 , 1824
permutations6 , exec , tom , 0 , 0.50 , 3924 , 1660
permutations7 , comp , tom , 0 , 7.41 , 3924 , 1724
permutations7 , exec , tom , 0 , 1.21 , 3924 , 1724
quicksort10 , comp , tom , 0 , 8.92 , 3924 , 1768
quicksort10 , exec , tom , 0 , 0.40 , 3924 , 1724
quicksort100 , comp , tom , 0 , 9.01 , 3924 , 1788
quicksort100 , exec , tom , timeout , 360.08 , 3924 , 1784
quicksort1000 , comp , tom , 0 , 8.91 , 3924 , 1724
quicksort1000 , exec , tom , timeout , 360.08 , 3924 , 1868
revnat100 , comp , tom , 0 , 6.71 , 3924 , 1732
revnat100 , exec , tom , 0 , 0.40 , 3924 , 1600
revnat1000 , comp , tom , 0 , 6.51 , 3924 , 1716
revnat1000 , exec , tom , 0 , 1.60 , 3924 , 1772
revnat10000 , comp , tom , 0 , 6.61 , 3924 , 1872
revnat10000 , exec , tom , 0 , 59.76 , 3924 , 1596
sieve20 , comp , tom , 0 , 12.81 , 3924 , 1724
sieve20 , exec , tom , 0 , 0.60 , 3924 , 1824
sieve100 , comp , tom , 0 , 13.53 , 3924 , 1748
sieve100 , exec , tom , timeout , 360.08 , 3924 , 1780
sieve1000 , comp , tom , 0 , 13.22 , 3924 , 1748
sieve1000 , exec , tom , timeout , 360.08 , 3924 , 1600
sieve2000 , comp , tom , 0 , 12.92 , 3924 , 1748
sieve2000 , exec , tom , timeout , 360.08 , 3924 , 1716
sieve10000 , comp , tom , 0 , 13.12 , 3924 , 1748
sieve10000 , exec , tom , timeout , 360.08 , 3924 , 1784
tak18 , comp , tom , 0 , 6.71 , 3924 , 1776
tak18 , exec , tom , 0 , 0.40 , 3924 , 1660
tak36 , comp , tom , 0 , 6.91 , 3924 , 1768
tak36 , exec , tom , 0 , 1.20 , 3924 , 1752
