calls , comp-exec , cafeobj-a , 0 , 0.20 , 3924 , 1796
check1 , comp-exec , cafeobj-a , 0 , 0.20 , 3924 , 1744
check2 , comp-exec , cafeobj-a , 0 , 0.20 , 3924 , 1608
confluence , comp-exec , cafeobj-a , 0 , 0.20 , 3924 , 1760
empty , comp-exec , cafeobj-a , 0 , 0.20 , 3924 , 1736
fibonacci05 , comp-exec , cafeobj-a , 0 , 0.20 , 3924 , 1756
garbagecollection , comp-exec , cafeobj-a , 0 , 0.20 , 3924 , 1604
hanoi4 , comp-exec , cafeobj-a , 0 , 0.20 , 3924 , 1760
oddeven , comp-exec , cafeobj-a , 0 , 28.12 , 3924 , 1792
order , comp-exec , cafeobj-a , 0 , 0.20 , 3924 , 1756
revelt , comp-exec , cafeobj-a , 0 , 0.20 , 3924 , 1796
searchinconditions , comp-exec , cafeobj-a , 0 , 0.20 , 3924 , 1792
soundnessofparallelengines , comp-exec , cafeobj-a , 0 , 0.20 , 3924 , 1736
tautologyhard , comp-exec , cafeobj-a , 0 , 0.20 , 3924 , 1780
tricky , comp-exec , cafeobj-a , 0 , 0.20 , 3924 , 1672
calls , comp-exec , cafeobj-b , 0 , 0.40 , 3924 , 1776
check1 , comp-exec , cafeobj-b , 0 , 0.20 , 3924 , 1796
check2 , comp-exec , cafeobj-b , 0 , 0.40 , 3924 , 1784
confluence , comp-exec , cafeobj-b , 0 , 0.40 , 3924 , 1796
empty , comp-exec , cafeobj-b , 0 , 0.20 , 3924 , 1796
fibonacci05 , comp-exec , cafeobj-b , 0 , 0.40 , 3924 , 1604
garbagecollection , comp-exec , cafeobj-b , 0 , 0.40 , 3924 , 1740
hanoi4 , comp-exec , cafeobj-b , 0 , 0.40 , 3924 , 1836
oddeven , comp-exec , cafeobj-b , 0 , 0.40 , 3924 , 1796
order , comp-exec , cafeobj-b , 0 , 0.40 , 3924 , 1696
revelt , comp-exec , cafeobj-b , 0 , 0.40 , 3924 , 1796
searchinconditions , comp-exec , cafeobj-b , 0 , 0.40 , 3924 , 1760
soundnessofparallelengines , comp-exec , cafeobj-b , 0 , 0.40 , 3924 , 1792
tautologyhard , comp-exec , cafeobj-b , 0 , 0.40 , 3924 , 1672
tricky , comp-exec , cafeobj-b , 0 , 0.40 , 3924 , 1740
calls , comp , clean , 0 , 0.20 , 3924 , 1788
calls , exec , clean , 0 , 0.10 , 2020 , 56
calls , comp , clean-hack , 0 , 0.20 , 3924 , 1836
calls , exec , clean-hack , 0 , 0.10 , 2020 , 56
check1 , comp , clean , 0 , 0.20 , 3924 , 1672
check1 , exec , clean , 0 , 0.10 , 2020 , 56
check1 , comp , clean-hack , 0 , 0.20 , 3924 , 1564
check1 , exec , clean-hack , 0 , 0.10 , 2020 , 60
check2 , comp , clean , 0 , 0.20 , 3924 , 1760
check2 , exec , clean , 0 , 0.10 , 2020 , 56
check2 , comp , clean-hack , 0 , 0.20 , 3924 , 1604
check2 , exec , clean-hack , 0 , 0.10 , 2020 , 56
confluence , comp , clean , 0 , 0.20 , 3924 , 1668
confluence , exec , clean , 0 , 0.10 , 2020 , 60
confluence , comp , clean-hack , 0 , 0.20 , 3924 , 1776
confluence , exec , clean-hack , 0 , 0.10 , 2020 , 56
empty , comp , clean , 0 , 0.20 , 3924 , 1776
empty , exec , clean , 0 , 0.10 , 2020 , 56
empty , comp , clean-hack , 0 , 0.20 , 3924 , 1740
empty , exec , clean-hack , 0 , 0.10 , 2020 , 56
fibonacci05 , comp , clean , 0 , 0.20 , 3924 , 1784
fibonacci05 , exec , clean , 0 , 0.10 , 2020 , 56
fibonacci05 , comp , clean-hack , 0 , 0.20 , 3924 , 1668
fibonacci05 , exec , clean-hack , 0 , 0.10 , 2020 , 56
garbagecollection , comp , clean , 0 , 0.20 , 3924 , 1732
garbagecollection , exec , clean , 0 , 0.10 , 2020 , 56
garbagecollection , comp , clean-hack , 0 , 0.20 , 3924 , 1668
garbagecollection , exec , clean-hack , 0 , 0.10 , 2020 , 56
hanoi4 , comp , clean , 0 , 0.20 , 3924 , 1756
hanoi4 , exec , clean , 0 , 0.10 , 2020 , 56
hanoi4 , comp , clean-hack , 0 , 0.20 , 3924 , 1796
hanoi4 , exec , clean-hack , 0 , 0.10 , 2020 , 56
oddeven , comp , clean , 0 , 0.20 , 3924 , 1784
oddeven , exec , clean , 0 , 0.10 , 2020 , 56
oddeven , comp , clean-hack , 0 , 0.20 , 3924 , 1736
oddeven , exec , clean-hack , 0 , 0.20 , 3924 , 1776
order , comp , clean , 0 , 0.20 , 3924 , 1760
order , exec , clean , 0 , 0.10 , 2020 , 56
order , comp , clean-hack , 0 , 0.20 , 3924 , 1732
order , exec , clean-hack , 0 , 0.10 , 2020 , 60
revelt , comp , clean , 0 , 0.20 , 3924 , 1736
revelt , exec , clean , 0 , 0.10 , 2020 , 56
revelt , comp , clean-hack , 0 , 0.20 , 3924 , 1796
revelt , exec , clean-hack , 0 , 0.10 , 2020 , 56
searchinconditions , comp , clean , 0 , 0.20 , 3924 , 1788
searchinconditions , exec , clean , 0 , 0.10 , 2020 , 56
searchinconditions , comp , clean-hack , 0 , 0.20 , 3924 , 1792
searchinconditions , exec , clean-hack , 0 , 0.10 , 2020 , 56
soundnessofparallelengines , comp , clean , 0 , 0.20 , 3924 , 1744
soundnessofparallelengines , exec , clean , 0 , 0.10 , 2020 , 56
soundnessofparallelengines , comp , clean-hack , 0 , 0.20 , 3924 , 1604
soundnessofparallelengines , exec , clean-hack , 0 , 0.10 , 2020 , 60
tautologyhard , comp , clean , 0 , 0.20 , 3924 , 1792
tautologyhard , exec , clean , 0 , 0.10 , 2020 , 60
tautologyhard , comp , clean-hack , 0 , 0.20 , 3924 , 1780
tautologyhard , exec , clean-hack , 0 , 0.10 , 2020 , 56
tricky , comp , clean , 0 , 0.20 , 3924 , 1784
tricky , exec , clean , 0 , 0.10 , 2020 , 56
tricky , comp , clean-hack , 0 , 0.20 , 3924 , 1776
tricky , exec , clean-hack , 0 , 0.10 , 2020 , 56
calls , comp , haskell , 0 , 1.10 , 3924 , 1736
calls , exec , haskell , 0 , 0.10 , 2020 , 56
check1 , comp , haskell , 0 , 1.20 , 3924 , 1732
check1 , exec , haskell , 0 , 0.10 , 2020 , 56
check2 , comp , haskell , 0 , 1.10 , 3924 , 1792
check2 , exec , haskell , 0 , 0.10 , 2020 , 56
confluence , comp , haskell , 0 , 1.10 , 3924 , 1784
confluence , exec , haskell , 0 , 0.10 , 2020 , 60
empty , comp , haskell , 0 , 1.10 , 3924 , 1776
empty , exec , haskell , 0 , 0.10 , 2020 , 60
fibonacci05 , comp , haskell , 0 , 1.20 , 3924 , 1876
fibonacci05 , exec , haskell , 0 , 0.10 , 2020 , 56
garbagecollection , comp , haskell , 0 , 1.20 , 3924 , 1608
garbagecollection , exec , haskell , 0 , 0.10 , 2020 , 60
hanoi4 , comp , haskell , 0 , 1.30 , 3924 , 1724
hanoi4 , exec , haskell , 0 , 0.10 , 2020 , 52
oddeven , comp , haskell , 0 , 1.20 , 3924 , 1560
oddeven , exec , haskell , 0 , 0.20 , 3924 , 1736
order , comp , haskell , 0 , 1.10 , 3924 , 1740
order , exec , haskell , 0 , 0.10 , 2020 , 56
revelt , comp , haskell , 0 , 1.20 , 3924 , 1792
revelt , exec , haskell , 0 , 0.10 , 2020 , 56
searchinconditions , comp , haskell , 0 , 1.20 , 3924 , 1872
searchinconditions , exec , haskell , 0 , 0.10 , 2020 , 56
soundnessofparallelengines , comp , haskell , 0 , 1.10 , 3924 , 1792
soundnessofparallelengines , exec , haskell , 0 , 0.10 , 2020 , 56
tautologyhard , comp , haskell , 0 , 1.10 , 3924 , 1776
tautologyhard , exec , haskell , 0 , 0.10 , 2020 , 56
tricky , comp , haskell , 0 , 1.20 , 3924 , 1736
tricky , exec , haskell , 0 , 0.10 , 2020 , 56
calls , comp-exec , lnt , 0 , 1.30 , 3924 , 1876
check1 , comp-exec , lnt , 0 , 1.30 , 3924 , 1740
check2 , comp-exec , lnt , 0 , 1.30 , 3924 , 1732
confluence , comp-exec , lnt , 0 , 1.30 , 3924 , 1792
empty , comp-exec , lnt , 0 , 1.30 , 3924 , 1872
fibonacci05 , comp-exec , lnt , 0 , 1.40 , 3924 , 1776
garbagecollection , comp-exec , lnt , 0 , 1.30 , 3924 , 1756
hanoi4 , comp-exec , lnt , 0 , 1.30 , 3924 , 1732
oddeven , comp-exec , lnt , 0 , 1.30 , 3924 , 1792
order , comp-exec , lnt , 0 , 1.20 , 3924 , 1668
revelt , comp-exec , lnt , 0 , 1.20 , 3924 , 1736
searchinconditions , comp-exec , lnt , 0 , 1.30 , 3924 , 1832
soundnessofparallelengines , comp-exec , lnt , 0 , 1.30 , 3924 , 1792
tautologyhard , comp-exec , lnt , 0 , 1.40 , 3924 , 1736
tricky , comp-exec , lnt , 0 , 1.30 , 3924 , 1664
calls , comp-exec , lotos , 0 , 0.60 , 3924 , 1832
check1 , comp-exec , lotos , 0 , 0.60 , 3924 , 1832
check2 , comp-exec , lotos , 0 , 0.60 , 3924 , 1792
confluence , comp-exec , lotos , 0 , 0.70 , 3924 , 1732
empty , comp-exec , lotos , 0 , 0.60 , 3924 , 1736
fibonacci05 , comp-exec , lotos , 0 , 0.60 , 3924 , 1668
garbagecollection , comp-exec , lotos , 0 , 0.80 , 3924 , 1784
hanoi4 , comp-exec , lotos , 0 , 0.70 , 3924 , 1760
oddeven , comp-exec , lotos , 0 , 0.70 , 3924 , 1872
order , comp-exec , lotos , 0 , 0.70 , 3924 , 1832
revelt , comp-exec , lotos , 0 , 0.70 , 3924 , 1608
searchinconditions , comp-exec , lotos , 0 , 0.60 , 3924 , 1732
soundnessofparallelengines , comp-exec , lotos , 0 , 0.60 , 3924 , 1744
tautologyhard , comp-exec , lotos , 0 , 0.80 , 3924 , 1784
tricky , comp-exec , lotos , 0 , 0.70 , 3924 , 1780
calls , comp-exec , maude , 0 , 0.10 , 2020 , 56
check1 , comp-exec , maude , 0 , 0.10 , 2020 , 56
check2 , comp-exec , maude , 0 , 0.10 , 2020 , 56
confluence , comp-exec , maude , 0 , 0.10 , 2020 , 56
empty , comp-exec , maude , 0 , 0.10 , 2020 , 56
fibonacci05 , comp-exec , maude , 0 , 0.10 , 2020 , 56
garbagecollection , comp-exec , maude , 0 , 0.10 , 2020 , 60
hanoi4 , comp-exec , maude , 0 , 0.10 , 2020 , 56
oddeven , comp-exec , maude , 0 , 3.60 , 3924 , 1776
order , comp-exec , maude , 0 , 0.10 , 2020 , 56
revelt , comp-exec , maude , 0 , 0.10 , 2020 , 56
searchinconditions , comp-exec , maude , 0 , 0.10 , 2020 , 56
soundnessofparallelengines , comp-exec , maude , 0 , 0.10 , 2020 , 56
tautologyhard , comp-exec , maude , 0 , 0.10 , 2020 , 52
tricky , comp-exec , maude , 0 , 0.10 , 2020 , 56
calls , comp , mcrl2-jitty , 0 , 0.10 , 2020 , 60
calls , exec , mcrl2-jitty , 0 , 0.10 , 2020 , 56
calls , comp , mcrl2-jittyc , 0 , 0.10 , 2020 , 56
calls , exec , mcrl2-jittyc , 0 , 10.93 , 3924 , 1664
check1 , comp , mcrl2-jitty , 0 , 0.10 , 2020 , 56
check1 , exec , mcrl2-jitty , 0 , 0.10 , 2020 , 56
check1 , comp , mcrl2-jittyc , 0 , 0.10 , 2020 , 56
check1 , exec , mcrl2-jittyc , 0 , 9.41 , 3924 , 1776
check2 , comp , mcrl2-jitty , 0 , 0.10 , 2020 , 56
check2 , exec , mcrl2-jitty , 0 , 0.10 , 2020 , 60
check2 , comp , mcrl2-jittyc , 0 , 0.10 , 2020 , 56
check2 , exec , mcrl2-jittyc , 0 , 9.41 , 3924 , 1736
confluence , comp , mcrl2-jitty , 0 , 0.10 , 2020 , 56
confluence , exec , mcrl2-jitty , 0 , 0.10 , 2020 , 56
confluence , comp , mcrl2-jittyc , 0 , 0.10 , 2020 , 60
confluence , exec , mcrl2-jittyc , 0 , 9.31 , 3924 , 1736
empty , comp , mcrl2-jitty , 0 , 0.10 , 2020 , 56
empty , exec , mcrl2-jitty , 0 , 0.10 , 2020 , 60
empty , comp , mcrl2-jittyc , 0 , 0.10 , 2020 , 56
empty , exec , mcrl2-jittyc , 0 , 9.21 , 3924 , 1728
fibonacci05 , comp , mcrl2-jitty , 0 , 0.10 , 2020 , 52
fibonacci05 , exec , mcrl2-jitty , 0 , 0.10 , 2020 , 56
fibonacci05 , comp , mcrl2-jittyc , 0 , 0.10 , 2020 , 56
fibonacci05 , exec , mcrl2-jittyc , 0 , 10.81 , 3924 , 1732
garbagecollection , comp , mcrl2-jitty , 0 , 0.10 , 2020 , 60
garbagecollection , exec , mcrl2-jitty , 0 , 0.10 , 2020 , 56
garbagecollection , comp , mcrl2-jittyc , 0 , 0.10 , 2020 , 60
garbagecollection , exec , mcrl2-jittyc , 0 , 10.81 , 3924 , 1756
hanoi4 , comp , mcrl2-jitty , 0 , 0.10 , 2020 , 56
hanoi4 , exec , mcrl2-jitty , 0 , 0.10 , 2020 , 60
hanoi4 , comp , mcrl2-jittyc , 0 , 0.10 , 2020 , 56
hanoi4 , exec , mcrl2-jittyc , 0 , 12.11 , 3924 , 1776
oddeven , comp , mcrl2-jitty , 0 , 0.10 , 2020 , 56
oddeven , exec , mcrl2-jitty , 0 , 12.82 , 3924 , 1872
oddeven , comp , mcrl2-jittyc , 0 , 0.10 , 2020 , 56
oddeven , exec , mcrl2-jittyc , 0 , 21.82 , 3924 , 1732
order , comp , mcrl2-jitty , 0 , 0.10 , 2020 , 60
order , exec , mcrl2-jitty , 0 , 0.10 , 2020 , 56
order , comp , mcrl2-jittyc , 0 , 0.10 , 2020 , 56
order , exec , mcrl2-jittyc , 0 , 9.41 , 3924 , 1732
revelt , comp , mcrl2-jitty , 0 , 0.10 , 2020 , 56
revelt , exec , mcrl2-jitty , 0 , 0.10 , 2020 , 56
revelt , comp , mcrl2-jittyc , 0 , 0.10 , 2020 , 60
revelt , exec , mcrl2-jittyc , 0 , 9.71 , 3924 , 1760
searchinconditions , comp , mcrl2-jitty , 0 , 0.10 , 2020 , 56
searchinconditions , exec , mcrl2-jitty , 0 , 0.10 , 2020 , 56
searchinconditions , comp , mcrl2-jittyc , 0 , 0.10 , 2020 , 56
searchinconditions , exec , mcrl2-jittyc , 0 , 9.31 , 3924 , 1736
soundnessofparallelengines , comp , mcrl2-jitty , 0 , 0.10 , 2020 , 56
soundnessofparallelengines , exec , mcrl2-jitty , 0 , 0.10 , 2020 , 60
soundnessofparallelengines , comp , mcrl2-jittyc , 0 , 0.10 , 2020 , 56
soundnessofparallelengines , exec , mcrl2-jittyc , 0 , 9.31 , 3924 , 1672
tautologyhard , comp , mcrl2-jitty , 0 , 0.10 , 2020 , 60
tautologyhard , exec , mcrl2-jitty , 0 , 0.10 , 2020 , 56
tautologyhard , comp , mcrl2-jittyc , 0 , 0.10 , 2020 , 56
tautologyhard , exec , mcrl2-jittyc , 0 , 10.91 , 3924 , 1740
tricky , comp , mcrl2-jitty , 0 , 0.10 , 2020 , 60
tricky , exec , mcrl2-jitty , 0 , 0.10 , 2020 , 52
tricky , comp , mcrl2-jittyc , 0 , 0.10 , 2020 , 56
tricky , exec , mcrl2-jittyc , 0 , 11.41 , 3924 , 1728
calls , comp , ocaml-interp , 0 , 0.10 , 2020 , 56
calls , exec , ocaml-interp , 0 , 0.10 , 2020 , 60
calls , comp , ocaml-compil , 0 , 0.20 , 3924 , 1668
calls , exec , ocaml-compil , 0 , 0.10 , 2020 , 60
check1 , comp , ocaml-interp , 0 , 0.10 , 2020 , 60
check1 , exec , ocaml-interp , 0 , 0.10 , 2020 , 56
check1 , comp , ocaml-compil , 0 , 0.20 , 3924 , 1672
check1 , exec , ocaml-compil , 0 , 0.10 , 2020 , 56
check2 , comp , ocaml-interp , 0 , 0.10 , 2020 , 56
check2 , exec , ocaml-interp , 0 , 0.10 , 2020 , 56
check2 , comp , ocaml-compil , 0 , 0.20 , 3924 , 1668
check2 , exec , ocaml-compil , 0 , 0.10 , 2020 , 56
confluence , comp , ocaml-interp , 0 , 0.10 , 2020 , 56
confluence , exec , ocaml-interp , 0 , 0.10 , 2020 , 60
confluence , comp , ocaml-compil , 0 , 0.20 , 3924 , 1776
confluence , exec , ocaml-compil , 0 , 0.10 , 2020 , 60
empty , comp , ocaml-interp , 0 , 0.10 , 2020 , 60
empty , exec , ocaml-interp , 0 , 0.10 , 2020 , 56
empty , comp , ocaml-compil , 0 , 0.20 , 3924 , 1756
empty , exec , ocaml-compil , 0 , 0.10 , 2020 , 60
fibonacci05 , comp , ocaml-interp , 0 , 0.10 , 2020 , 60
fibonacci05 , exec , ocaml-interp , 0 , 0.10 , 2020 , 56
fibonacci05 , comp , ocaml-compil , 0 , 0.30 , 3924 , 1792
fibonacci05 , exec , ocaml-compil , 0 , 0.10 , 2020 , 56
garbagecollection , comp , ocaml-interp , 0 , 0.10 , 2020 , 56
garbagecollection , exec , ocaml-interp , 0 , 0.10 , 2020 , 56
garbagecollection , comp , ocaml-compil , 0 , 0.30 , 3924 , 1784
garbagecollection , exec , ocaml-compil , 0 , 0.10 , 2020 , 60
hanoi4 , comp , ocaml-interp , 0 , 0.10 , 2020 , 56
hanoi4 , exec , ocaml-interp , 0 , 0.10 , 2020 , 56
hanoi4 , comp , ocaml-compil , 0 , 0.20 , 3924 , 1784
hanoi4 , exec , ocaml-compil , 0 , 0.10 , 2020 , 56
oddeven , comp , ocaml-interp , 0 , 0.10 , 2020 , 56
oddeven , exec , ocaml-interp , 0 , 0.20 , 3924 , 1792
oddeven , comp , ocaml-compil , 0 , 0.20 , 3924 , 1872
oddeven , exec , ocaml-compil , 0 , 0.10 , 2020 , 56
order , comp , ocaml-interp , 0 , 0.10 , 2020 , 60
order , exec , ocaml-interp , 0 , 0.10 , 2020 , 56
order , comp , ocaml-compil , 0 , 0.20 , 3924 , 1608
order , exec , ocaml-compil , 0 , 0.10 , 2020 , 52
revelt , comp , ocaml-interp , 0 , 0.10 , 2020 , 56
revelt , exec , ocaml-interp , 0 , 0.10 , 2020 , 56
revelt , comp , ocaml-compil , 0 , 0.20 , 3924 , 1792
revelt , exec , ocaml-compil , 0 , 0.10 , 2020 , 56
searchinconditions , comp , ocaml-interp , 0 , 0.10 , 2020 , 56
searchinconditions , exec , ocaml-interp , 0 , 0.10 , 2020 , 60
searchinconditions , comp , ocaml-compil , 0 , 0.20 , 3924 , 1872
searchinconditions , exec , ocaml-compil , 0 , 0.10 , 2020 , 56
soundnessofparallelengines , comp , ocaml-interp , 0 , 0.10 , 2020 , 56
soundnessofparallelengines , exec , ocaml-interp , 0 , 0.10 , 2020 , 56
soundnessofparallelengines , comp , ocaml-compil , 0 , 0.20 , 3924 , 1732
soundnessofparallelengines , exec , ocaml-compil , 0 , 0.10 , 2020 , 60
tautologyhard , comp , ocaml-interp , 0 , 0.10 , 2020 , 60
tautologyhard , exec , ocaml-interp , 0 , 0.10 , 2020 , 56
tautologyhard , comp , ocaml-compil , 0 , 0.30 , 3924 , 1728
tautologyhard , exec , ocaml-compil , 0 , 0.10 , 2020 , 56
tricky , comp , ocaml-interp , 0 , 0.10 , 2020 , 56
tricky , exec , ocaml-interp , 0 , 0.10 , 2020 , 60
tricky , comp , ocaml-compil , 0 , 0.20 , 3924 , 1780
tricky , exec , ocaml-compil , 0 , 0.10 , 2020 , 60
calls , comp , opal , 0 , 3.30 , 3924 , 1736
calls , exec , opal , 0 , 0.10 , 2020 , 60
check1 , comp , opal , 0 , 0.80 , 3924 , 1780
check1 , exec , opal , 0 , 0.10 , 2020 , 60
check2 , comp , opal , 0 , 0.70 , 3924 , 1736
check2 , exec , opal , 0 , 0.10 , 2020 , 56
confluence , comp , opal , 0 , 0.70 , 3924 , 1724
confluence , exec , opal , 0 , 0.10 , 2020 , 52
empty , comp , opal , 0 , 0.70 , 3924 , 1760
empty , exec , opal , 0 , 0.10 , 2020 , 60
fibonacci05 , comp , opal , 0 , 1.30 , 3924 , 1792
fibonacci05 , exec , opal , 0 , 0.10 , 2020 , 56
garbagecollection , comp , opal , 0 , 1.20 , 3924 , 1780
garbagecollection , exec , opal , 0 , 0.10 , 2020 , 56
hanoi4 , comp , opal , 0 , 1.70 , 3924 , 1792
hanoi4 , exec , opal , 0 , 0.10 , 2020 , 56
oddeven , comp , opal , 0 , 1.00 , 3924 , 1692
oddeven , exec , opal , 0 , 0.10 , 2020 , 56
order , comp , opal , 0 , 0.80 , 3924 , 1744
order , exec , opal , 0 , 0.10 , 2020 , 60
revelt , comp , opal , 0 , 1.00 , 3924 , 1604
revelt , exec , opal , 0 , 0.10 , 2020 , 56
searchinconditions , comp , opal , 0 , 0.70 , 3924 , 1792
searchinconditions , exec , opal , 0 , 0.10 , 2020 , 56
soundnessofparallelengines , comp , opal , 0 , 1.00 , 3924 , 1788
soundnessofparallelengines , exec , opal , 0 , 0.10 , 2020 , 56
tautologyhard , comp , opal , 0 , 1.40 , 3924 , 1760
tautologyhard , exec , opal , 0 , 0.10 , 2020 , 56
tricky , comp , opal , 0 , 1.30 , 3924 , 1796
tricky , exec , opal , 0 , 0.10 , 2020 , 56
calls , comp-exec , rascal-interp , 0 , 4.41 , 3924 , 1784
calls , comp , rascal-compil , 0 , 23.84 , 3924 , 1796
calls , exec , rascal-compil , 0 , 2.70 , 3924 , 1740
check1 , comp-exec , rascal-interp , 0 , 4.51 , 3924 , 1872
check1 , comp , rascal-compil , 0 , 22.26 , 3924 , 1736
check1 , exec , rascal-compil , 0 , 2.60 , 3924 , 1736
check2 , comp-exec , rascal-interp , 0 , 4.61 , 3924 , 1604
check2 , comp , rascal-compil , 0 , 23.63 , 3924 , 1780
check2 , exec , rascal-compil , 0 , 2.71 , 3924 , 1608
confluence , comp-exec , rascal-interp , 0 , 4.41 , 3924 , 1604
confluence , comp , rascal-compil , 0 , 22.83 , 3924 , 1732
confluence , exec , rascal-compil , 0 , 2.61 , 3924 , 1732
empty , comp-exec , rascal-interp , 0 , 4.41 , 3924 , 1732
empty , comp , rascal-compil , 0 , 23.24 , 3924 , 1872
empty , exec , rascal-compil , 0 , 2.60 , 3924 , 1876
fibonacci05 , comp-exec , rascal-interp , 0 , 4.30 , 3924 , 1780
fibonacci05 , comp , rascal-compil , 0 , 24.93 , 3924 , 1744
fibonacci05 , exec , rascal-compil , 0 , 2.70 , 3924 , 1872
garbagecollection , comp-exec , rascal-interp , 0 , 4.91 , 3924 , 1604
garbagecollection , comp , rascal-compil , 0 , 24.33 , 3924 , 1732
garbagecollection , exec , rascal-compil , 0 , 2.70 , 3924 , 1732
hanoi4 , comp-exec , rascal-interp , 0 , 4.63 , 3924 , 1872
hanoi4 , comp , rascal-compil , 0 , 23.96 , 3924 , 1780
hanoi4 , exec , rascal-compil , 0 , 2.70 , 3924 , 1780
oddeven , comp-exec , rascal-interp , 0 , 27.83 , 3924 , 1740
oddeven , comp , rascal-compil , 0 , 24.53 , 3924 , 1728
oddeven , exec , rascal-compil , 0 , 3.20 , 3924 , 1604
order , comp-exec , rascal-interp , 0 , 4.41 , 3924 , 1668
order , comp , rascal-compil , 0 , 23.14 , 3924 , 1872
order , exec , rascal-compil , 0 , 2.70 , 3924 , 1736
revelt , comp-exec , rascal-interp , 0 , 4.31 , 3924 , 1780
revelt , comp , rascal-compil , 0 , 22.93 , 3924 , 1792
revelt , exec , rascal-compil , 0 , 2.71 , 3924 , 1672
searchinconditions , comp-exec , rascal-interp , 0 , 4.41 , 3924 , 1732
searchinconditions , comp , rascal-compil , 0 , 23.43 , 3924 , 1796
searchinconditions , exec , rascal-compil , 0 , 2.71 , 3924 , 1836
soundnessofparallelengines , comp-exec , rascal-interp , 0 , 4.41 , 3924 , 1788
soundnessofparallelengines , comp , rascal-compil , 0 , 23.06 , 3924 , 1756
soundnessofparallelengines , exec , rascal-compil , 0 , 2.60 , 3924 , 1792
tautologyhard , comp-exec , rascal-interp , 0 , 4.91 , 3924 , 1788
tautologyhard , comp , rascal-compil , 0 , 28.05 , 3924 , 1756
tautologyhard , exec , rascal-compil , 0 , 2.90 , 3924 , 1732
tricky , comp-exec , rascal-interp , 0 , 4.51 , 3924 , 1744
tricky , comp , rascal-compil , 0 , 23.93 , 3924 , 1804
tricky , exec , rascal-compil , 0 , 2.71 , 3924 , 1792
calls , comp , scala , 0 , 6.51 , 3924 , 1672
calls , exec , scala , 0 , 0.60 , 3924 , 1736
check1 , comp , scala , 0 , 6.11 , 3924 , 1608
check1 , exec , scala , 0 , 0.60 , 3924 , 1836
check2 , comp , scala , 0 , 6.71 , 3924 , 1736
check2 , exec , scala , 0 , 0.60 , 3924 , 1668
confluence , comp , scala , 0 , 6.01 , 3924 , 1792
confluence , exec , scala , 0 , 0.60 , 3924 , 1740
empty , comp , scala , 0 , 5.81 , 3924 , 1732
empty , exec , scala , 0 , 0.60 , 3924 , 1756
fibonacci05 , comp , scala , 0 , 6.71 , 3924 , 1776
fibonacci05 , exec , scala , 0 , 0.60 , 3924 , 1732
garbagecollection , comp , scala , 0 , 8.21 , 3924 , 1732
garbagecollection , exec , scala , 0 , 0.60 , 3924 , 1744
hanoi4 , comp , scala , 0 , 10.71 , 3924 , 1732
hanoi4 , exec , scala , 0 , 0.70 , 3924 , 1724
oddeven , comp , scala , 0 , 6.61 , 3924 , 1760
oddeven , exec , scala , 0 , 0.70 , 3924 , 1796
order , comp , scala , 0 , 6.22 , 3924 , 1668
order , exec , scala , 0 , 0.60 , 3924 , 1836
revelt , comp , scala , 0 , 7.91 , 3924 , 1784
revelt , exec , scala , 0 , 0.60 , 3924 , 1776
searchinconditions , comp , scala , 0 , 5.81 , 3924 , 1792
searchinconditions , exec , scala , 0 , 0.60 , 3924 , 1756
soundnessofparallelengines , comp , scala , 0 , 6.71 , 3924 , 1832
soundnessofparallelengines , exec , scala , 0 , 0.60 , 3924 , 1792
tautologyhard , comp , scala , 0 , 7.41 , 3924 , 1724
tautologyhard , exec , scala , 0 , 0.60 , 3924 , 1780
tricky , comp , scala , 0 , 6.71 , 3924 , 1832
tricky , exec , scala , 0 , 0.60 , 3924 , 1740
calls , comp-exec , sml-smlnj , 0 , 0.20 , 3924 , 1784
calls , comp , sml-mlton , 0 , 6.30 , 3924 , 1728
calls , exec , sml-mlton , 0 , 0.10 , 2020 , 56
check1 , comp-exec , sml-smlnj , 0 , 0.20 , 3924 , 1868
check1 , comp , sml-mlton , 0 , 6.21 , 3924 , 1736
check1 , exec , sml-mlton , 0 , 0.10 , 2020 , 60
check2 , comp-exec , sml-smlnj , 0 , 0.20 , 3924 , 1780
check2 , comp , sml-mlton , 0 , 6.21 , 3924 , 1780
check2 , exec , sml-mlton , 0 , 0.10 , 2020 , 56
confluence , comp-exec , sml-smlnj , 0 , 0.20 , 3924 , 1872
confluence , comp , sml-mlton , 0 , 6.41 , 3924 , 1740
confluence , exec , sml-mlton , 0 , 0.10 , 2020 , 56
empty , comp-exec , sml-smlnj , 0 , 0.20 , 3924 , 1792
empty , comp , sml-mlton , 0 , 6.21 , 3924 , 1780
empty , exec , sml-mlton , 0 , 0.10 , 2020 , 56
fibonacci05 , comp-exec , sml-smlnj , 0 , 0.20 , 3924 , 1744
fibonacci05 , comp , sml-mlton , 0 , 6.21 , 3924 , 1736
fibonacci05 , exec , sml-mlton , 0 , 0.10 , 2020 , 56
garbagecollection , comp-exec , sml-smlnj , 0 , 0.20 , 3924 , 1776
garbagecollection , comp , sml-mlton , 0 , 6.41 , 3924 , 1792
garbagecollection , exec , sml-mlton , 0 , 0.10 , 2020 , 56
hanoi4 , comp-exec , sml-smlnj , 0 , 0.30 , 3924 , 1792
hanoi4 , comp , sml-mlton , 0 , 6.30 , 3924 , 1732
hanoi4 , exec , sml-mlton , 0 , 0.10 , 2020 , 60
oddeven , comp-exec , sml-smlnj , 0 , 0.30 , 3924 , 1780
oddeven , comp , sml-mlton , 0 , 6.31 , 3924 , 1876
oddeven , exec , sml-mlton , 0 , 0.10 , 2020 , 56
order , comp-exec , sml-smlnj , 0 , 0.20 , 3924 , 1780
order , comp , sml-mlton , 0 , 6.21 , 3924 , 1732
order , exec , sml-mlton , 0 , 0.10 , 2020 , 60
revelt , comp-exec , sml-smlnj , 0 , 0.20 , 3924 , 1672
revelt , comp , sml-mlton , 0 , 6.30 , 3924 , 1724
revelt , exec , sml-mlton , 0 , 0.10 , 2020 , 60
searchinconditions , comp-exec , sml-smlnj , 0 , 0.20 , 3924 , 1736
searchinconditions , comp , sml-mlton , 0 , 6.30 , 3924 , 1832
searchinconditions , exec , sml-mlton , 0 , 0.10 , 2020 , 56
soundnessofparallelengines , comp-exec , sml-smlnj , 0 , 0.20 , 3924 , 1784
soundnessofparallelengines , comp , sml-mlton , 0 , 6.30 , 3924 , 1796
soundnessofparallelengines , exec , sml-mlton , 0 , 0.10 , 2020 , 56
tautologyhard , comp-exec , sml-smlnj , 0 , 0.30 , 3924 , 1872
tautologyhard , comp , sml-mlton , 0 , 6.30 , 3924 , 1832
tautologyhard , exec , sml-mlton , 0 , 0.10 , 2020 , 60
tricky , comp-exec , sml-smlnj , 0 , 0.30 , 3924 , 1604
tricky , comp , sml-mlton , 0 , 6.31 , 3924 , 1724
tricky , exec , sml-mlton , 0 , 0.10 , 2020 , 60
calls , comp-exec , stratego , 0 , 9.33 , 3924 , 1732
check1 , comp-exec , stratego , 0 , 7.91 , 3924 , 1740
check2 , comp-exec , stratego , 0 , 9.41 , 3924 , 1672
confluence , comp-exec , stratego , 0 , 8.51 , 3924 , 1756
empty , comp-exec , stratego , 0 , 7.91 , 3924 , 1740
fibonacci05 , comp-exec , stratego , 0 , 9.31 , 3924 , 1776
garbagecollection , comp-exec , stratego , 0 , 9.81 , 3924 , 1732
hanoi4 , comp-exec , stratego , 0 , 10.41 , 3924 , 1668
oddeven , comp-exec , stratego , 0 , 9.71 , 3924 , 1672
order , comp-exec , stratego , 0 , 9.21 , 3924 , 1736
revelt , comp-exec , stratego , 0 , 9.11 , 3924 , 1792
searchinconditions , comp-exec , stratego , 0 , 9.12 , 3924 , 1668
soundnessofparallelengines , comp-exec , stratego , 0 , 8.61 , 3924 , 1724
tautologyhard , comp-exec , stratego , 0 , 11.32 , 3924 , 1776
tricky , comp-exec , stratego , 0 , 9.61 , 3924 , 1740
calls , comp , tom-a , 0 , 6.81 , 3924 , 1780
calls , exec , tom-a , 0 , 0.40 , 3924 , 1872
check1 , comp , tom-a , 0 , 4.21 , 3924 , 1784
check1 , exec , tom-a , 0 , 0.30 , 3924 , 1796
check2 , comp , tom-a , 0 , 7.01 , 3924 , 1784
check2 , exec , tom-a , 0 , 0.30 , 3924 , 1736
confluence , comp , tom-a , 0 , 4.61 , 3924 , 1732
confluence , exec , tom-a , 0 , 0.30 , 3924 , 1672
empty , comp , tom-a , 0 , 4.11 , 3924 , 1792
empty , exec , tom-a , 0 , 0.30 , 3924 , 1732
fibonacci05 , comp , tom-a , 0 , 5.11 , 3924 , 1728
fibonacci05 , exec , tom-a , 0 , 0.40 , 3924 , 1724
garbagecollection , comp , tom-a , 0 , 6.71 , 3924 , 1776
garbagecollection , exec , tom-a , 0 , 0.30 , 3924 , 1732
hanoi4 , comp , tom-a , 0 , 8.01 , 3924 , 1732
hanoi4 , exec , tom-a , 0 , 0.40 , 3924 , 1736
oddeven , comp , tom-a , 0 , 5.11 , 3924 , 1668
oddeven , exec , tom-a , 0 , 0.40 , 3924 , 1784
order , comp , tom-a , 0 , 4.91 , 3924 , 1736
order , exec , tom-a , 0 , 0.30 , 3924 , 1736
revelt , comp , tom-a , 0 , 5.53 , 3924 , 1668
revelt , exec , tom-a , 0 , 0.30 , 3924 , 1792
searchinconditions , comp , tom-a , 0 , 4.71 , 3924 , 1792
searchinconditions , exec , tom-a , 0 , 0.30 , 3924 , 1756
soundnessofparallelengines , comp , tom-a , 0 , 4.71 , 3924 , 1832
soundnessofparallelengines , exec , tom-a , 0 , 0.40 , 3924 , 1756
tautologyhard , comp , tom-a , 0 , 10.72 , 3924 , 1832
tautologyhard , exec , tom-a , 0 , 0.40 , 3924 , 1688
tricky , comp , tom-a , 0 , 5.62 , 3924 , 1780
tricky , exec , tom-a , 0 , 0.40 , 3924 , 1760
calls , comp , tom-b , 0 , 4.61 , 3924 , 1736
calls , exec , tom-b , 0 , 0.30 , 3924 , 1776
check1 , comp , tom-b , 0 , 4.11 , 3924 , 1608
check1 , exec , tom-b , 0 , 0.30 , 3924 , 1668
check2 , comp , tom-b , 0 , 4.50 , 3924 , 1788
check2 , exec , tom-b , 0 , 0.40 , 3924 , 1736
confluence , comp , tom-b , 0 , 4.41 , 3924 , 1792
confluence , exec , tom-b , 0 , 0.40 , 3924 , 1732
empty , comp , tom-b , 0 , 4.11 , 3924 , 1780
empty , exec , tom-b , 0 , 0.30 , 3924 , 1732
fibonacci05 , comp , tom-b , 0 , 4.41 , 3924 , 1792
fibonacci05 , exec , tom-b , 0 , 0.40 , 3924 , 1788
garbagecollection , comp , tom-b , 0 , 5.21 , 3924 , 1776
garbagecollection , exec , tom-b , 0 , 0.40 , 3924 , 1724
hanoi4 , comp , tom-b , 0 , 6.42 , 3924 , 1728
hanoi4 , exec , tom-b , 0 , 0.40 , 3924 , 1608
oddeven , comp , tom-b , 0 , 4.71 , 3924 , 1832
oddeven , exec , tom-b , 0 , 0.40 , 3924 , 1792
order , comp , tom-b , 0 , 4.40 , 3924 , 1724
order , exec , tom-b , 0 , 0.40 , 3924 , 1732
revelt , comp , tom-b , 0 , 4.81 , 3924 , 1792
revelt , exec , tom-b , 0 , 0.40 , 3924 , 1876
searchinconditions , comp , tom-b , 0 , 4.20 , 3924 , 1792
searchinconditions , exec , tom-b , 0 , 0.40 , 3924 , 1784
soundnessofparallelengines , comp , tom-b , 0 , 4.41 , 3924 , 1744
soundnessofparallelengines , exec , tom-b , 0 , 0.30 , 3924 , 1872
tautologyhard , comp , tom-b , 0 , 5.21 , 3924 , 1792
tautologyhard , exec , tom-b , 0 , 0.40 , 3924 , 1792
tricky , comp , tom-b , 0 , 4.71 , 3924 , 1792
tricky , exec , tom-b , 0 , 0.30 , 3924 , 1792
