asfsdfbenchmark , comp-exec , lnt , failed with exit status 1
binarysearch , comp-exec , lnt , 6.31 , 2272 , 1416
bubblesort , comp-exec , lnt , 4.30 , 2272 , 1416
closure , comp-exec , lnt , 3.80 , 2272 , 1348
dart , comp-exec , lnt , 2.50 , 2272 , 1276
evalexpr , comp-exec , lnt , 3.41 , 2272 , 1256
evalsym , comp-exec , lnt , 28.75 , 2272 , 1216
evaltree , comp-exec , lnt , 3.50 , 2272 , 1420
factorial6 , comp-exec , lnt , 1.80 , 2272 , 1260
factorial7 , comp-exec , lnt , 1.70 , 2272 , 1220
factorial8 , comp-exec , lnt , 1.50 , 2272 , 1244
factorial9 , comp-exec , lnt , 2.30 , 2272 , 1420
fib32 , comp-exec , lnt , 6.21 , 2272 , 1424
fibfree , comp-exec , lnt , 2.80 , 2272 , 1424
fibonacci , comp-exec , lnt , failed with exit status 139
garbagecollection , comp-exec , lnt , 2.00 , 2272 , 1344
hanoi , comp-exec , lnt , 2.40 , 2272 , 1216
langton , comp-exec , lnt , 68.31 , 2272 , 1220
logic3 , comp-exec , lnt , 1.80 , 2272 , 1268
merge , comp-exec , lnt , 2.10 , 2272 , 1268
mergesort , comp-exec , lnt , failed with exit status 1
missionariescannibals , comp-exec , lnt , failed with exit status 139
oddeven , comp-exec , lnt , 2.20 , 2272 , 1228
permutations , comp-exec , lnt , failed with exit status 1
quicksort , comp-exec , lnt , failed with exit status 1
revelt , comp-exec , lnt , 1.81 , 2272 , 1340
revnat , comp-exec , lnt , 9.11 , 2272 , 1416
sieve , comp-exec , lnt , failed with exit status 139
tak , comp-exec , lnt , 1.90 , 2272 , 1240
tautologyhard , comp-exec , lnt , 2.31 , 2272 , 1416
asfsdfbenchmark , comp-exec , lotos , failed with exit status 1
binarysearch , comp-exec , lotos , 3.60 , 2272 , 1336
bubblesort , comp-exec , lotos , 1.90 , 2272 , 1224
closure , comp-exec , lotos , 1.90 , 2272 , 1416
dart , comp-exec , lotos , 0.80 , 2272 , 1248
evalexpr , comp-exec , lotos , 1.50 , 2272 , 1416
evalsym , comp-exec , lotos , 20.92 , 2272 , 1336
evaltree , comp-exec , lotos , 1.40 , 2272 , 1268
factorial6 , comp-exec , lotos , 0.60 , 2272 , 1268
factorial7 , comp-exec , lotos , 0.70 , 2272 , 1268
factorial8 , comp-exec , lotos , 0.70 , 2272 , 1340
factorial9 , comp-exec , lotos , 0.70 , 2272 , 1268
fib32 , comp-exec , lotos , 3.50 , 2272 , 1336
fibfree , comp-exec , lotos , 1.40 , 2272 , 1348
fibonacci , comp-exec , lotos , failed with exit status 139
garbagecollection , comp-exec , lotos , 0.80 , 2272 , 1332
hanoi , comp-exec , lotos , 0.80 , 2272 , 1260
langton , comp-exec , lotos , 48.74 , 2272 , 1252
logic3 , comp-exec , lotos , 0.70 , 2272 , 1336
merge , comp-exec , lotos , 0.80 , 2272 , 1268
mergesort , comp-exec , lotos , failed with exit status 1
missionariescannibals , comp-exec , lotos , failed with exit status 139
oddeven , comp-exec , lotos , 0.70 , 2272 , 1336
permutations , comp-exec , lotos , failed with exit status 1
quicksort , comp-exec , lotos , failed with exit status 1
revelt , comp-exec , lotos , 0.60 , 2272 , 1336
revnat , comp-exec , lotos , 7.31 , 2272 , 1268
sieve , comp-exec , lotos , failed with exit status 139
tak , comp-exec , lotos , 0.70 , 2272 , 1248
tautologyhard , comp-exec , lotos , 0.80 , 2272 , 1336
asfsdfbenchmark , comp , haskell , 1.70 , 119648 , 76784
asfsdfbenchmark , exec , haskell , 46.54 , 191872 , 188984
binarysearch , comp , haskell , 1.60 , 117600 , 77620
binarysearch , exec , haskell , 4.30 , 91508 , 88432
bubblesort , comp , haskell , 2.30 , 131936 , 91856
bubblesort , exec , haskell , 2.00 , 7588 , 4280
closure , comp , haskell , 3.00 , 131936 , 91776
closure , exec , haskell , 0.10 , 2020 , 52
dart , comp , haskell , 1.40 , 117600 , 75660
dart , exec , haskell , 0.10 , 2020 , 52
evalexpr , comp , haskell , 1.50 , 116576 , 73072
evalexpr , exec , haskell , 0.70 , 7540 , 4564
evalsym , comp , haskell , 1.50 , 117600 , 77648
evalsym , exec , haskell , 21.02 , 7536 , 4620
evaltree , comp , haskell , 1.40 , 116576 , 73308
evaltree , exec , haskell , 3.40 , 175468 , 172704
factorial6 , comp , haskell , 1.10 , 116576 , 74872
factorial6 , exec , haskell , 0.10 , 2020 , 56
factorial7 , comp , haskell , 1.10 , 117600 , 75204
factorial7 , exec , haskell , 0.10 , 2020 , 56
factorial8 , comp , haskell , 1.20 , 116576 , 75460
factorial8 , exec , haskell , 0.10 , 2020 , 56
factorial9 , comp , haskell , 1.20 , 117600 , 76752
factorial9 , exec , haskell , 0.40 , 12636 , 9764
fib32 , comp , haskell , 1.50 , 116576 , 72228
fib32 , exec , haskell , 4.40 , 91508 , 88500
fibfree , comp , haskell , 1.80 , 118624 , 77528
fibfree , exec , haskell , 0.10 , 2020 , 52
fibonacci , comp , haskell , 1.20 , 117600 , 76376
fibonacci , exec , haskell , 19.52 , 272736 , 269864
garbagecollection , comp , haskell , 1.20 , 117600 , 75904
garbagecollection , exec , haskell , 0.10 , 2020 , 56
hanoi , comp , haskell , 1.40 , 118624 , 76364
hanoi , exec , haskell , 0.10 , 2020 , 52
langton , comp , haskell , 2.40 , 130912 , 90120
langton , exec , haskell , 343.89 , 12676 , 9968
logic3 , comp , haskell , 1.20 , 117600 , 75216
logic3 , exec , haskell , 0.10 , 2020 , 52
merge , comp , haskell , 1.40 , 116576 , 73924
merge , exec , haskell , 0.10 , 2020 , 56
mergesort , comp , haskell , 1.40 , 117600 , 76324
mergesort , exec , haskell , 0.50 , 6512 , 3368
missionariescannibals , comp , haskell , 1.90 , 120672 , 77448
missionariescannibals , exec , haskell , failed with exit status 1
oddeven , comp , haskell , 1.20 , 117600 , 75664
oddeven , exec , haskell , 0.20 , 6500 , 3172
permutations , comp , haskell , 1.30 , 117600 , 74364
permutations , exec , haskell , failed with exit status 1
quicksort , comp , haskell , 1.40 , 117600 , 75160
quicksort , exec , haskell , 7.61 , 20848 , 17500
revelt , comp , haskell , 1.30 , 117600 , 76484
revelt , exec , haskell , 0.10 , 2020 , 52
revnat , comp , haskell , 1.30 , 117600 , 75156
revnat , exec , haskell , 195.42 , 8548 , 5536
sieve , comp , haskell , 1.50 , 117600 , 77204
sieve , exec , haskell , timed out after 2500
tak , comp , haskell , 1.30 , 117600 , 76344
tak , exec , haskell , 0.10 , 2020 , 52
tautologyhard , comp , haskell , 1.20 , 116576 , 73580
tautologyhard , exec , haskell , 0.10 , 2020 , 52
asfsdfbenchmark , comp-exec , maude , failed with exit status 1
binarysearch , comp-exec , maude , failed with exit status 1
bubblesort , comp-exec , maude , 22.22 , 11636 , 9776
closure , comp-exec , maude , 0.70 , 13812 , 11992
dart , comp-exec , maude , 0.30 , 12628 , 10216
evalexpr , comp-exec , maude , failed with exit status 1
evalsym , comp-exec , maude , 220.38 , 10640 , 8692
evaltree , comp-exec , maude , 18.92 , 299448 , 297368
factorial6 , comp-exec , maude , 0.10 , 2020 , 52
factorial7 , comp-exec , maude , 0.10 , 2020 , 56
factorial8 , comp-exec , maude , 0.20 , 15724 , 13764
factorial9 , comp-exec , maude , failed with exit status 1
fib32 , comp-exec , maude , 53.24 , 10944 , 8860
fibfree , comp-exec , maude , 0.20 , 13380 , 8736
fibonacci , comp-exec , maude , failed with exit status 1
garbagecollection , comp-exec , maude , 0.10 , 2020 , 56
hanoi , comp-exec , maude , 0.10 , 2020 , 52
langton , comp-exec , maude , failed with exit status 1
logic3 , comp-exec , maude , 0.20 , 10040 , 7888
merge , comp-exec , maude , 0.20 , 10072 , 8288
mergesort , comp-exec , maude , 1.40 , 10976 , 9080
missionariescannibals , comp-exec , maude , failed with exit status 1
oddeven , comp-exec , maude , 3.70 , 10480 , 8484
permutations , comp-exec , maude , 0.10 , 2020 , 56
quicksort , comp-exec , maude , 41.63 , 34148 , 32424
revelt , comp-exec , maude , 0.20 , 13812 , 11872
revnat , comp-exec , maude , 56.14 , 16204 , 14276
sieve , comp-exec , maude , failed with exit status 1
tak , comp-exec , maude , 0.40 , 14404 , 11908
tautologyhard , comp-exec , maude , 0.10 , 2020 , 52
asfsdfbenchmark , comp , mcrl2 , timed out after 2500
asfsdfbenchmark , comp , mcrl2-jittyc , timed out after 2500
binarysearch , comp , mcrl2 , 0.20 , 13620 , 9520
binarysearch , exec , mcrl2 , 262.32 , 14412 , 9280
binarysearch , comp , mcrl2-jittyc , 0.20 , 13488 , 9988
binarysearch , exec , mcrl2-jittyc , timed out after 2500
bubblesort , comp , mcrl2 , 319.96 , 18644 , 15424
bubblesort , exec , mcrl2 , 5.80 , 17332 , 12280
bubblesort , comp , mcrl2-jittyc , 321.67 , 18644 , 15584
bubblesort , exec , mcrl2-jittyc , 18.11 , 17304 , 12700
closure , comp , mcrl2 , 3.70 , 22276 , 18324
closure , exec , mcrl2 , 0.20 , 14408 , 9468
closure , comp , mcrl2-jittyc , 3.70 , 22388 , 18476
closure , exec , mcrl2-jittyc , 13.51 , 14588 , 10564
dart , comp , mcrl2 , 0.10 , 2020 , 52
dart , exec , mcrl2 , failed with exit status 1
dart , comp , mcrl2-jittyc , 0.10 , 2020 , 56
dart , exec , mcrl2-jittyc , failed with exit status 1
evalexpr , comp , mcrl2 , 0.20 , 13224 , 9812
evalexpr , exec , mcrl2 , 45.74 , 14364 , 9816
evalexpr , comp , mcrl2-jittyc , 0.10 , 2020 , 56
evalexpr , exec , mcrl2-jittyc , 15.31 , 14568 , 10392
evalsym , comp , mcrl2 , 0.10 , 2020 , 56
evalsym , exec , mcrl2 , 2271.39 , 14520 , 9884
evalsym , comp , mcrl2-jittyc , 0.20 , 13084 , 8976
evalsym , exec , mcrl2-jittyc , 41.43 , 14548 , 10468
evaltree , comp , mcrl2 , 0.10 , 2020 , 52
evaltree , exec , mcrl2 , 120.40 , 14416 , 9696
evaltree , comp , mcrl2-jittyc , 0.10 , 2020 , 52
evaltree , exec , mcrl2-jittyc , 132.91 , 14500 , 10136
factorial6 , comp , mcrl2 , 0.10 , 2020 , 56
factorial6 , exec , mcrl2 , 0.10 , 2020 , 52
factorial6 , comp , mcrl2-jittyc , 0.10 , 2020 , 52
factorial6 , exec , mcrl2-jittyc , 9.31 , 14312 , 9884
factorial7 , comp , mcrl2 , 0.10 , 2020 , 56
factorial7 , exec , mcrl2 , 0.20 , 19404 , 14556
factorial7 , comp , mcrl2-jittyc , 0.10 , 2020 , 56
factorial7 , exec , mcrl2-jittyc , 9.41 , 16472 , 12288
factorial8 , comp , mcrl2 , 0.10 , 2020 , 52
factorial8 , exec , mcrl2 , failed with exit status 1
factorial8 , comp , mcrl2-jittyc , 0.10 , 2020 , 52
factorial8 , exec , mcrl2-jittyc , failed with exit status 1
factorial9 , comp , mcrl2 , 0.10 , 2020 , 56
factorial9 , exec , mcrl2 , failed with exit status 1
factorial9 , comp , mcrl2-jittyc , 0.10 , 2020 , 56
factorial9 , exec , mcrl2-jittyc , failed with exit status 1
fib32 , comp , mcrl2 , 0.20 , 13216 , 9852
fib32 , exec , mcrl2 , 275.73 , 14280 , 9236
fib32 , comp , mcrl2-jittyc , 0.10 , 2020 , 56
fib32 , exec , mcrl2-jittyc , 22.92 , 14616 , 10404
fibfree , comp , mcrl2 , 0.20 , 15560 , 11540
fibfree , exec , mcrl2 , 0.10 , 2020 , 56
fibfree , comp , mcrl2-jittyc , 0.30 , 15560 , 12476
fibfree , exec , mcrl2-jittyc , 17.31 , 14556 , 10228
fibonacci , comp , mcrl2 , failed with exit status 1
fibonacci , comp , mcrl2-jittyc , failed with exit status 1
garbagecollection , comp , mcrl2 , 0.10 , 2020 , 56
garbagecollection , exec , mcrl2 , 0.10 , 2020 , 56
garbagecollection , comp , mcrl2-jittyc , 0.10 , 2020 , 52
garbagecollection , exec , mcrl2-jittyc , 10.71 , 14312 , 9828
hanoi , comp , mcrl2 , 0.10 , 2020 , 52
hanoi , exec , mcrl2 , 0.10 , 2020 , 52
hanoi , comp , mcrl2-jittyc , 0.10 , 2020 , 52
hanoi , exec , mcrl2-jittyc , 12.01 , 14408 , 10188
langton , comp , mcrl2 , 0.20 , 15628 , 9944
langton , exec , mcrl2 , failed with exit status 1
langton , comp , mcrl2-jittyc , 0.20 , 15628 , 12260
langton , exec , mcrl2-jittyc , failed with exit status 1
logic3 , comp , mcrl2 , 0.10 , 2020 , 56
logic3 , exec , mcrl2 , 0.10 , 2020 , 52
logic3 , comp , mcrl2-jittyc , 0.10 , 2020 , 52
logic3 , exec , mcrl2-jittyc , 10.11 , 14308 , 9932
merge , comp , mcrl2 , 0.10 , 2020 , 52
merge , exec , mcrl2 , 0.10 , 2020 , 56
merge , comp , mcrl2-jittyc , 0.10 , 2020 , 52
merge , exec , mcrl2-jittyc , 11.51 , 14364 , 10068
mergesort , comp , mcrl2 , timed out after 2500
mergesort , comp , mcrl2-jittyc , timed out after 2500
missionariescannibals , comp , mcrl2 , 0.20 , 13224 , 9584
missionariescannibals , exec , mcrl2 , failed with exit status 1
missionariescannibals , comp , mcrl2-jittyc , 0.20 , 13224 , 8952
missionariescannibals , exec , mcrl2-jittyc , failed with exit status 1
oddeven , comp , mcrl2 , 12.91 , 12548 , 9160
oddeven , exec , mcrl2 , 0.10 , 2020 , 52
oddeven , comp , mcrl2-jittyc , 13.01 , 12548 , 9156
oddeven , exec , mcrl2-jittyc , 11.01 , 14360 , 10096
permutations , comp , mcrl2 , 0.10 , 2020 , 52
permutations , exec , mcrl2 , 0.10 , 2020 , 52
permutations , comp , mcrl2-jittyc , 0.10 , 2020 , 56
permutations , exec , mcrl2-jittyc , 11.41 , 14364 , 9924
quicksort , comp , mcrl2 , timed out after 2500
quicksort , comp , mcrl2-jittyc , timed out after 2500
revelt , comp , mcrl2 , 0.10 , 2020 , 56
revelt , exec , mcrl2 , 0.10 , 2020 , 56
revelt , comp , mcrl2-jittyc , 0.10 , 2020 , 52
revelt , exec , mcrl2-jittyc , 9.61 , 14308 , 10132
revnat , comp , mcrl2 , failed with exit status 1
revnat , comp , mcrl2-jittyc , failed with exit status 1
sieve , comp , mcrl2 , failed with exit status 1
sieve , comp , mcrl2-jittyc , failed with exit status 1
tak , comp , mcrl2 , 0.10 , 2020 , 52
tak , exec , mcrl2 , 1.40 , 14268 , 9072
tak , comp , mcrl2-jittyc , 0.10 , 2020 , 52
tak , exec , mcrl2-jittyc , 11.21 , 14460 , 9896
tautologyhard , comp , mcrl2 , 0.20 , 13372 , 9856
tautologyhard , exec , mcrl2 , 0.10 , 2020 , 52
tautologyhard , comp , mcrl2-jittyc , 0.20 , 13372 , 9804
tautologyhard , exec , mcrl2-jittyc , 10.91 , 14364 , 9964
asfsdfbenchmark , comp , ocaml , 0.20 , 8216 , 5676
asfsdfbenchmark , exec , ocaml , timed out after 2500
binarysearch , comp , ocaml , 0.20 , 8216 , 5912
binarysearch , exec , ocaml , failed with exit status 2
bubblesort , comp , ocaml , 0.30 , 9408 , 7140
bubblesort , exec , ocaml , 9.41 , 5796 , 2868
closure , comp , ocaml , 0.60 , 10968 , 8372
closure , exec , ocaml , 0.30 , 5728 , 2772
dart , comp , ocaml , 0.10 , 2020 , 52
dart , exec , ocaml , 0.10 , 2020 , 56
evalexpr , comp , ocaml , 0.20 , 8216 , 5644
evalexpr , exec , ocaml , failed with exit status 2
evalsym , comp , ocaml , 0.10 , 2020 , 52
evalsym , exec , ocaml , 61.75 , 5796 , 2732
evaltree , comp , ocaml , 0.20 , 8216 , 5616
evaltree , exec , ocaml , 4.00 , 47140 , 42152
factorial6 , comp , ocaml , 0.10 , 2020 , 56
factorial6 , exec , ocaml , 0.10 , 2020 , 56
factorial7 , comp , ocaml , 0.10 , 2020 , 56
factorial7 , exec , ocaml , 0.10 , 2020 , 52
factorial8 , comp , ocaml , 0.10 , 2020 , 56
factorial8 , exec , ocaml , 0.10 , 2020 , 52
factorial9 , comp , ocaml , 0.10 , 2020 , 56
factorial9 , exec , ocaml , failed with exit status 2
fib32 , comp , ocaml , 0.20 , 8216 , 5712
fib32 , exec , ocaml , failed with exit status 2
fibfree , comp , ocaml , 0.40 , 8960 , 6544
fibfree , exec , ocaml , 0.10 , 2020 , 56
fibonacci , comp , ocaml , 0.10 , 2020 , 56
fibonacci , exec , ocaml , failed with exit status 2
garbagecollection , comp , ocaml , 0.10 , 2020 , 56
garbagecollection , exec , ocaml , 0.10 , 2020 , 56
hanoi , comp , ocaml , 0.10 , 2020 , 56
hanoi , exec , ocaml , 0.10 , 2020 , 56
langton , comp , ocaml , 2.40 , 10448 , 7780
langton , exec , ocaml , 351.09 , 17444 , 12276
logic3 , comp , ocaml , 0.20 , 8988 , 5992
logic3 , exec , ocaml , 0.10 , 2020 , 56
merge , comp , ocaml , 0.20 , 7972 , 5672
merge , exec , ocaml , 0.10 , 2020 , 52
mergesort , comp , ocaml , 0.10 , 2020 , 52
mergesort , exec , ocaml , timed out after 2500
missionariescannibals , comp , ocaml , 0.20 , 8216 , 5932
missionariescannibals , exec , ocaml , failed with exit status 2
oddeven , comp , ocaml , 0.10 , 2020 , 52
oddeven , exec , ocaml , 0.20 , 5792 , 1004
permutations , comp , ocaml , 0.10 , 2020 , 56
permutations , exec , ocaml , failed with exit status 2
quicksort , comp , ocaml , 0.20 , 7972 , 5436
quicksort , exec , ocaml , timed out after 2500
revelt , comp , ocaml , 0.10 , 2020 , 56
revelt , exec , ocaml , 0.10 , 2020 , 56
revnat , comp , ocaml , 0.10 , 2020 , 52
revnat , exec , ocaml , 94.78 , 6680 , 4528
sieve , comp , ocaml , 0.20 , 8216 , 5728
sieve , exec , ocaml , failed with exit status 2
tak , comp , ocaml , 0.10 , 2020 , 52
tak , exec , ocaml , 0.10 , 2020 , 56
tautologyhard , comp , ocaml , 0.20 , 8216 , 5600
tautologyhard , exec , ocaml , 0.10 , 2020 , 52
asfsdfbenchmark , comp , opal , timed out after 2500
binarysearch , comp , opal , 2.50 , 2272 , 580
binarysearch , exec , opal , failed with exit status 1
bubblesort , comp , opal , 323.67 , 2272 , 612
bubblesort , exec , opal , 11.11 , 198912 , 197364
closure , comp , opal , 788.94 , 2272 , 616
closure , exec , opal , 0.10 , 2020 , 56
dart , comp , opal , 1.90 , 2272 , 636
dart , exec , opal , 0.20 , 15104 , 13576
evalexpr , comp , opal , 2.70 , 2272 , 576
evalexpr , exec , opal , failed with exit status 1
evalsym , comp , opal , 2.40 , 2272 , 576
evalsym , exec , opal , 96.98 , 4364 , 1120
evaltree , comp , opal , 2.00 , 2272 , 616
evaltree , exec , opal , 4.40 , 80200 , 78504
factorial6 , comp , opal , 0.80 , 2272 , 592
factorial6 , exec , opal , 0.10 , 2020 , 56
factorial7 , comp , opal , 0.80 , 2272 , 616
factorial7 , exec , opal , 0.10 , 2020 , 52
factorial8 , comp , opal , 0.80 , 2272 , 588
factorial8 , exec , opal , 0.20 , 23188 , 21592
factorial9 , comp , opal , 0.90 , 2272 , 624
factorial9 , exec , opal , failed with exit status 1
fib32 , comp , opal , 2.30 , 2272 , 588
fib32 , exec , opal , failed with exit status 1
fibfree , comp , opal , 6.01 , 2272 , 604
fibfree , exec , opal , 0.10 , 2020 , 56
fibonacci , comp , opal , 1.00 , 2272 , 576
fibonacci , exec , opal , failed with exit status 1
garbagecollection , comp , opal , 1.10 , 2272 , 580
garbagecollection , exec , opal , 0.10 , 2020 , 52
hanoi , comp , opal , 1.60 , 2272 , 604
hanoi , exec , opal , 0.10 , 2020 , 52
langton , comp , opal , 16.51 , 2272 , 588
langton , exec , opal , 171.94 , 58096 , 56360
logic3 , comp , opal , 0.80 , 2272 , 592
logic3 , exec , opal , 0.10 , 2020 , 52
merge , comp , opal , 2.00 , 2272 , 632
merge , exec , opal , 0.10 , 2020 , 56
mergesort , comp , opal , 1.60 , 2272 , 620
mergesort , exec , opal , 1.50 , 195060 , 193236
missionariescannibals , comp , opal , 3.60 , 2272 , 616
missionariescannibals , exec , opal , failed with exit status 1
oddeven , comp , opal , 1.00 , 2272 , 620
oddeven , exec , opal , 0.10 , 2020 , 52
permutations , comp , opal , 1.60 , 2272 , 580
permutations , exec , opal , failed with exit status 1
quicksort , comp , opal , 1.50 , 2272 , 632
quicksort , exec , opal , 20.92 , 195060 , 193352
revelt , comp , opal , 1.00 , 2272 , 596
revelt , exec , opal , 0.10 , 2020 , 52
revnat , comp , opal , 1.10 , 2272 , 624
revnat , exec , opal , failed with exit status 1
sieve , comp , opal , 3.10 , 2272 , 584
sieve , exec , opal , failed with exit status 1
tak , comp , opal , 1.30 , 2272 , 596
tak , exec , opal , 0.10 , 2020 , 52
tautologyhard , comp , opal , 1.40 , 2272 , 616
tautologyhard , exec , opal , 0.10 , 2020 , 56
asfsdfbenchmark , comp-exec , rascal , timed out after 2500
binarysearch , comp-exec , rascal , failed with exit status 1
bubblesort , comp-exec , rascal , 2013.62 , 1569500 , 456752
closure , comp-exec , rascal , 43.74 , 1564944 , 449312
dart , comp-exec , rascal , 9.92 , 1594280 , 372488
evalexpr , comp-exec , rascal , failed with exit status 1
evalsym , comp-exec , rascal , timed out after 2500
evaltree , comp-exec , rascal , 664.19 , 1562288 , 601892
factorial6 , comp-exec , rascal , 4.22 , 1563280 , 121724
factorial7 , comp-exec , rascal , 4.71 , 1561704 , 139572
factorial8 , comp-exec , rascal , 6.01 , 1562192 , 151688
factorial9 , comp-exec , rascal , failed with exit status 1
fib32 , comp-exec , rascal , failed with exit status 1
fibfree , comp-exec , rascal , 6.21 , 1562020 , 213704
fibonacci , comp-exec , rascal , failed with exit status 1
garbagecollection , comp-exec , rascal , 4.30 , 1563880 , 129588
hanoi , comp-exec , rascal , 4.21 , 1562388 , 126572
langton , comp-exec , rascal , timed out after 2500
logic3 , comp-exec , rascal , 4.51 , 1561688 , 141104
merge , comp-exec , rascal , 4.91 , 1564860 , 141980
mergesort , comp-exec , rascal , timed out after 2500
missionariescannibals , comp-exec , rascal , failed with exit status 1
oddeven , comp-exec , rascal , 29.64 , 1565976 , 405072
permutations , comp-exec , rascal , failed with exit status 1
quicksort , comp-exec , rascal , timed out after 2500
revelt , comp-exec , rascal , 4.21 , 1561120 , 114384
revnat , comp-exec , rascal , 550.43 , 1565828 , 1092040
sieve , comp-exec , rascal , failed with exit status 1
tak , comp-exec , rascal , 20.83 , 1568164 , 407644
tautologyhard , comp-exec , rascal , 5.01 , 1561516 , 146108
asfsdfbenchmark , comp , scala , 16.93 , 5136 , 2800
asfsdfbenchmark , exec , scala , timed out after 2500
binarysearch , comp , scala , 11.52 , 5136 , 2904
binarysearch , exec , scala , failed with exit status 1
bubblesort , exec , scala , failed with exit status 1
closure , comp , scala , 12.72 , 5136 , 3048
closure , exec , scala , 0.90 , 1377508 , 42004
dart , comp , scala , 9.31 , 5136 , 2796
dart , exec , scala , failed with exit status 1
evalexpr , comp , scala , 12.12 , 5136 , 3044
evalexpr , exec , scala , failed with exit status 1
evalsym , comp , scala , 11.02 , 5136 , 2800
evalsym , exec , scala , 35.33 , 1376744 , 370064
evaltree , comp , scala , 9.81 , 5136 , 2904
evaltree , exec , scala , 5.71 , 1382476 , 416712
factorial6 , comp , scala , 6.71 , 5136 , 2976
factorial6 , exec , scala , failed with exit status 1
factorial7 , comp , scala , 6.41 , 5136 , 2864
factorial7 , exec , scala , failed with exit status 1
factorial8 , comp , scala , 6.91 , 5136 , 3044
factorial8 , exec , scala , failed with exit status 1
factorial9 , comp , scala , 6.92 , 5136 , 2904
factorial9 , exec , scala , failed with exit status 1
fib32 , comp , scala , 10.81 , 5136 , 2868
fib32 , exec , scala , failed with exit status 1
fibfree , comp , scala , 20.63 , 5136 , 2900
fibfree , exec , scala , 0.60 , 1376484 , 29192
fibonacci , comp , scala , 7.11 , 5136 , 2980
fibonacci , exec , scala , failed with exit status 1
garbagecollection , comp , scala , 7.81 , 5136 , 2976
garbagecollection , exec , scala , 0.60 , 1375236 , 29328
hanoi , comp , scala , 10.01 , 5136 , 2972
hanoi , exec , scala , 0.60 , 1375236 , 28716
langton , comp , scala , 197.70 , 5136 , 2800
langton , exec , scala , failed with exit status 1
logic3 , comp , scala , 7.51 , 5136 , 2900
logic3 , exec , scala , 0.60 , 1375236 , 27968
merge , comp , scala , 9.11 , 5136 , 2796
merge , exec , scala , 0.60 , 1375236 , 28112
mergesort , comp , scala , 9.11 , 5136 , 2968
mergesort , exec , scala , timed out after 2500
missionariescannibals , comp , scala , 12.22 , 5136 , 3048
missionariescannibals , exec , scala , failed with exit status 1
oddeven , comp , scala , 6.81 , 5136 , 2976
oddeven , exec , scala , 0.70 , 1377064 , 42144
permutations , comp , scala , 8.21 , 5136 , 2804
permutations , exec , scala , failed with exit status 1
quicksort , comp , scala , 8.72 , 5136 , 2900
quicksort , exec , scala , timed out after 2500
revelt , comp , scala , 7.71 , 5136 , 3044
revelt , exec , scala , 0.60 , 1376484 , 29164
revnat , comp , scala , 7.61 , 5136 , 2972
revnat , exec , scala , failed with exit status 1
sieve , comp , scala , 10.52 , 5136 , 2896
sieve , exec , scala , failed with exit status 1
tak , comp , scala , 8.32 , 5136 , 2980
tak , exec , scala , 0.70 , 1375128 , 27704
tautologyhard , comp , scala , 7.51 , 5136 , 2800
tautologyhard , exec , scala , 0.60 , 1375128 , 28096
asfsdfbenchmark , comp-exec , sml-smlnj , timed out after 2500
asfsdfbenchmark , comp , sml-mlton , 9.41 , 2272 , 620
asfsdfbenchmark , exec , sml-mlton , timed out after 2500
binarysearch , comp-exec , sml-smlnj , failed with exit status 1
binarysearch , comp , sml-mlton , failed with exit status 1
bubblesort , comp-exec , sml-smlnj , 4.10 , 2272 , 616
bubblesort , comp , sml-mlton , 6.71 , 2272 , 584
bubblesort , exec , sml-mlton , 2.20 , 4232 , 2392
closure , comp-exec , sml-smlnj , 2.91 , 2272 , 616
closure , comp , sml-mlton , 10.62 , 2272 , 604
closure , exec , sml-mlton , 0.20 , 4116 , 2460
dart , comp-exec , sml-smlnj , 0.70 , 2272 , 616
dart , comp , sml-mlton , 6.51 , 2272 , 628
dart , exec , sml-mlton , 0.20 , 5268 , 2856
evalexpr , comp-exec , sml-smlnj , timed out after 2500
evalexpr , comp , sml-mlton , 6.30 , 2272 , 592
evalexpr , exec , sml-mlton , failed with exit status 1
evalsym , comp-exec , sml-smlnj , 13.51 , 2272 , 620
evalsym , comp , sml-mlton , 6.30 , 2272 , 588
evalsym , exec , sml-mlton , 4.40 , 3436 , 1656
evaltree , comp-exec , sml-smlnj , 2.80 , 2272 , 576
evaltree , comp , sml-mlton , 6.30 , 2272 , 584
evaltree , exec , sml-mlton , 0.30 , 3372 , 1632
factorial6 , comp-exec , sml-smlnj , 0.20 , 2272 , 580
factorial6 , comp , sml-mlton , 6.21 , 2272 , 596
factorial6 , exec , sml-mlton , 0.10 , 2020 , 52
factorial7 , comp-exec , sml-smlnj , 0.30 , 2272 , 616
factorial7 , comp , sml-mlton , 6.21 , 2272 , 596
factorial7 , exec , sml-mlton , 0.10 , 2020 , 56
factorial8 , comp-exec , sml-smlnj , 0.40 , 2272 , 576
factorial8 , comp , sml-mlton , 6.21 , 2272 , 616
factorial8 , exec , sml-mlton , 0.20 , 6916 , 3028
factorial9 , comp-exec , sml-smlnj , 2.20 , 2272 , 584
factorial9 , comp , sml-mlton , 6.21 , 2272 , 600
factorial9 , exec , sml-mlton , 1.30 , 52900 , 30160
fib32 , comp-exec , sml-smlnj , failed with exit status 1
fib32 , comp , sml-mlton , failed with exit status 1
fibfree , comp-exec , sml-smlnj , 1.70 , 2272 , 632
fibfree , comp , sml-mlton , 6.61 , 2272 , 616
fibfree , exec , sml-mlton , 0.10 , 2020 , 52
fibonacci , comp-exec , sml-smlnj , 1528.27 , 2272 , 628
fibonacci , comp , sml-mlton , 6.71 , 2272 , 600
fibonacci , exec , sml-mlton , 39.65 , 1999980 , 762448
garbagecollection , comp-exec , sml-smlnj , 0.20 , 2272 , 584
garbagecollection , comp , sml-mlton , 6.41 , 2272 , 620
garbagecollection , exec , sml-mlton , 0.10 , 2020 , 56
hanoi , comp-exec , sml-smlnj , 0.30 , 2272 , 588
hanoi , comp , sml-mlton , 6.30 , 2272 , 632
hanoi , exec , sml-mlton , 0.10 , 2020 , 52
langton , comp-exec , sml-smlnj , 127.27 , 2272 , 620
langton , comp , sml-mlton , 6.91 , 2272 , 588
langton , exec , sml-mlton , 26.32 , 39920 , 36304
logic3 , comp-exec , sml-smlnj , 0.30 , 2272 , 616
logic3 , comp , sml-mlton , 6.30 , 2272 , 588
logic3 , exec , sml-mlton , 0.10 , 2020 , 56
merge , comp-exec , sml-smlnj , failed with exit status 1
merge , comp , sml-mlton , failed with exit status 1
mergesort , comp-exec , sml-smlnj , timed out after 2500
mergesort , comp , sml-mlton , 6.21 , 2272 , 616
mergesort , exec , sml-mlton , timed out after 2500
missionariescannibals , comp-exec , sml-smlnj , failed with exit status 1
missionariescannibals , comp , sml-mlton , failed with exit status 1
oddeven , comp-exec , sml-smlnj , 0.30 , 2272 , 600
oddeven , comp , sml-mlton , 7.21 , 2272 , 596
oddeven , exec , sml-mlton , 0.10 , 2020 , 52
permutations , comp-exec , sml-smlnj , failed with exit status 1
permutations , comp , sml-mlton , 8.22 , 2272 , 596
permutations , exec , sml-mlton , failed with exit status 1
quicksort , comp-exec , sml-smlnj , timed out after 2500
quicksort , comp , sml-mlton , 6.21 , 2272 , 576
quicksort , exec , sml-mlton , timed out after 2500
revelt , comp-exec , sml-smlnj , 0.20 , 2272 , 624
revelt , comp , sml-mlton , 6.21 , 2272 , 620
revelt , exec , sml-mlton , 0.10 , 2020 , 52
revnat , comp-exec , sml-smlnj , 262.89 , 2272 , 604
revnat , comp , sml-mlton , 6.21 , 2272 , 604
revnat , exec , sml-mlton , 213.93 , 10348 , 8532
sieve , comp-exec , sml-smlnj , failed with exit status 1
sieve , comp , sml-mlton , 6.43 , 2272 , 584
